Workbook
Name Print_ALL_OFFAL: "Template!A643:X648"
Name Print_BEEF: "Template!A64:X146"
Name Print_BILT_DROEWORS_BUY_IN: "Template!A611:X641"
Name Print_BILT_DROEWORS_OWN: "Template!A422:X429"
Name Print_BULK_BRAAI_PACK_HAMPERS: "Template!A583:X589"
Name Print_BUTCH_WORS_MINCE_PAT: "Template!A449:X550"
Name Print_BUTCH_WORS_MINCE_PAT_2: "Template!A682:X686"
Name Print_BUTCHERY: "Template!A4:X62"
Name Print_BUTCHERY_CHICKENS: "Template!A148:X155"
Name Print_BUTCHERY_OSTRICH: "Template!A431:X438"
Name Print_BUTCHERY_SNOEK: "Template!A440:X447"
Name Print_BUTCHERY_SPICE: "Template!A552:X581"
Name Print_CHICKEN_FRESH: "Template!A688:X783"
Name Print_CHICKEN_FROZEN: "Template!A605:X609"
Name Print_INGREDIENTS: "Template!A311:X414"
Name Print_INGREDIENTS_2: "Template!A656:X662"
Name Print_LAMB: "Template!A157:X189"
Name Print_MINCE_PATTIES: "Template!A591:X596"
Name Print_MUTTON: "Template!A191:X217"
Name Print_PET_MINCE_DROEWORS: "Template!A219:X227"
Name Print_PORK: "Template!A229:X309"
Name Print_PORK_2: "Template!A650:X654"
Name Print_SMOKED_CHICKEN: "Template!A416:X420"
Name Print_STEAK: "Template!A598:X603"
Name Print_SUB_DEPT_1132: "Template!A664:X668"
Name Print_SUB_DEPT_1143: "Template!A670:X674"
Name Print_SUB_DEPT_2327: "Template!A676:X680"
Name WeeksList: #REF!

Sheet Daily data
B1: Date | D1: 46055 | F1: 46056 | H1: 46057 | J1: 46058 | L1: 46059 | N1: 46060 | P1: 46061 | R1: 46062 | T1: 46063 | V1: 46064 | X1: 46065 | Z1: 46066 | AB1: 46067 | AD1: 46068 | AF1: 46069 | AH1: 46070 | AJ1: 46071 | AL1: 46072 | AN1: 46073 | AP1: 46074 | AR1: 46075 | AT1: 46076 | AV1: 46077 | AX1: 46078 | AZ1: 46079 | BB1: 46080 | BD1: 46081 | BF1: 46082 | BH1: 46083 | BJ1: 46084 | BL1: 46085 | BN1: 46086 | BP1: 46087 | BR1: 46088 | BT1: 46089 | BV1: 46090 | BX1: 46091 | BZ1: 46092 | CB1: 46093 | CD1: 46094 | CF1: 46095 | CH1: 46096 | CJ1: 46097 | CL1: 46098 | CN1: 46099 | CP1: 46100 | CR1: 46101 | CT1: 46102 | CV1: 46103 | CX1: 46104 | CZ1: 46105 | DB1: 46106 | DD1: 46107 | DF1: 46108 | DH1: 46109 | DJ1: 46110 | DL1: 46111 | DN1: 46112 | DP1: 46113 | DR1: 46114 | DT1: 46115 | DV1: 46116 | DX1: 46117 | DZ1: 46118 | EB1: 46119 | ED1: 46120 | EF1: 46121 | EH1: 46122 | EJ1: 46123 | EL1: 46124 | EN1: 46125 | EP1: 46126 | ER1: 46127 | ET1: 46128 | EV1: 46129 | EX1: 46130 | EZ1: 46131 | FB1: 46132 | FD1: 46133 | FF1: 46134 | FH1: 46135 | FJ1: 46136 | FL1: 46137 | FN1: 46138 | FP1: 46139 | FR1: 46140 | FT1: 46141 | FV1: 46142 | FX1: 46143 | FZ1: 46144 | GB1: 46145 | GD1: 46146 | GF1: 46147 | GH1: 46148 | GJ1: 46149 | GL1: 46150 | GN1: 46151 | GP1: 46152
B2: Week | D2: 6 | F2: 6 | H2: 6 | J2: 6 | L2: 6 | N2: 6 | P2: 6 | R2: =WEEKNUM(R1,21) -> 7 | T2: =WEEKNUM(T1,21) -> 7 | V2: =WEEKNUM(V1,21) -> 7 | X2: =WEEKNUM(X1,21) -> 7 | Z2: =WEEKNUM(Z1,21) -> 7 | AB2: =WEEKNUM(AB1,21) -> 7 | AD2: =WEEKNUM(AD1,21) -> 7 | AF2: =WEEKNUM(AF1,21) -> 8 | AH2: =WEEKNUM(AH1,21) -> 8 | AJ2: =WEEKNUM(AJ1,21) -> 8 | AL2: =WEEKNUM(AL1,21) -> 8 | AN2: =WEEKNUM(AN1,21) -> 8 | AP2: =WEEKNUM(AP1,21) -> 8 | AR2: =WEEKNUM(AR1,21) -> 8 | AT2: =WEEKNUM(AT1,21) -> 9 | AV2: =WEEKNUM(AV1,21) -> 9 | AX2: =WEEKNUM(AX1,21) -> 9 | AZ2: =WEEKNUM(AZ1,21) -> 9 | BB2: =WEEKNUM(BB1,21) -> 9 | BD2: =WEEKNUM(BD1,21) -> 9 | BF2: =WEEKNUM(BF1,21) -> 9 | BH2: =WEEKNUM(BH1,21) -> 10 | BJ2: =WEEKNUM(BJ1,21) -> 10 | BL2: =WEEKNUM(BL1,21) -> 10 | BN2: =WEEKNUM(BN1,21) -> 10 | BP2: =WEEKNUM(BP1,21) -> 10 | BR2: =WEEKNUM(BR1,21) -> 10 | BT2: =WEEKNUM(BT1,21) -> 10 | BV2: =WEEKNUM(BV1,21) -> 11 | BX2: =WEEKNUM(BX1,21) -> 11 | BZ2: =WEEKNUM(BZ1,21) -> 11 | CB2: =WEEKNUM(CB1,21) -> 11 | CD2: =WEEKNUM(CD1,21) -> 11 | CF2: =WEEKNUM(CF1,21) -> 11 | CH2: =WEEKNUM(CH1,21) -> 11 | CJ2: =WEEKNUM(CJ1,21) -> 12 | CL2: =WEEKNUM(CL1,21) -> 12 | CN2: =WEEKNUM(CN1,21) -> 12 | CP2: =WEEKNUM(CP1,21) -> 12 | CR2: =WEEKNUM(CR1,21) -> 12 | CT2: =WEEKNUM(CT1,21) -> 12 | CV2: =WEEKNUM(CV1,21) -> 12 | CX2: =WEEKNUM(CX1,21) -> 13 | CZ2: =WEEKNUM(CZ1,21) -> 13 | DB2: =WEEKNUM(DB1,21) -> 13 | DD2: =WEEKNUM(DD1,21) -> 13 | DF2: =WEEKNUM(DF1,21) -> 13 | DH2: =WEEKNUM(DH1,21) -> 13 | DJ2: =WEEKNUM(DJ1,21) -> 13 | DL2: =WEEKNUM(DL1,21) -> 14 | DN2: =WEEKNUM(DN1,21) -> 14 | DP2: =WEEKNUM(DP1,21) -> 14 | DR2: =WEEKNUM(DR1,21) -> 14 | DT2: =WEEKNUM(DT1,21) -> 14 | DV2: =WEEKNUM(DV1,21) -> 14 | DX2: =WEEKNUM(DX1,21) -> 14 | DZ2: =WEEKNUM(DZ1,21) -> 15 | EB2: =WEEKNUM(EB1,21) -> 15 | ED2: =WEEKNUM(ED1,21) -> 15 | EF2: =WEEKNUM(EF1,21) -> 15 | EH2: =WEEKNUM(EH1,21) -> 15 | EJ2: =WEEKNUM(EJ1,21) -> 15 | EL2: =WEEKNUM(EL1,21) -> 15 | EN2: =WEEKNUM(EN1,21) -> 16 | EP2: =WEEKNUM(EP1,21) -> 16 | ER2: =WEEKNUM(ER1,21) -> 16 | ET2: =WEEKNUM(ET1,21) -> 16 | EV2: =WEEKNUM(EV1,21) -> 16 | EX2: =WEEKNUM(EX1,21) -> 16 | EZ2: =WEEKNUM(EZ1,21) -> 16 | FB2: =WEEKNUM(FB1,21) -> 17 | FD2: =WEEKNUM(FD1,21) -> 17 | FF2: =WEEKNUM(FF1,21) -> 17 | FH2: =WEEKNUM(FH1,21) -> 17 | FJ2: =WEEKNUM(FJ1,21) -> 17 | FL2: =WEEKNUM(FL1,21) -> 17 | FN2: =WEEKNUM(FN1,21) -> 17 | FP2: =WEEKNUM(FP1,21) -> 18 | FR2: =WEEKNUM(FR1,21) -> 18 | FT2: =WEEKNUM(FT1,21) -> 18 | FV2: =WEEKNUM(FV1,21) -> 18 | FX2: =WEEKNUM(FX1,21) -> 18 | FZ2: =WEEKNUM(FZ1,21) -> 18 | GB2: =WEEKNUM(GB1,21) -> 18 | GD2: =WEEKNUM(GD1,21) -> 19 | GF2: =WEEKNUM(GF1,21) -> 19 | GH2: =WEEKNUM(GH1,21) -> 19 | GJ2: =WEEKNUM(GJ1,21) -> 19 | GL2: =WEEKNUM(GL1,21) -> 19 | GN2: =WEEKNUM(GN1,21) -> 19 | GP2: =WEEKNUM(GP1,21) -> 19
B3: Weekday | D3: Mo | F3: Tue | H3: We | J3: Thu | L3: Fri | N3: Sat | P3: Sun | R3: =CHOOSE(WEEKDAY(R1,2),"Mo","Tue","We","Thu","Fri","Sat","Sun") -> Mo | T3: =CHOOSE(WEEKDAY(T1,2),"Mo","Tue","We","Thu","Fri","Sat","Sun") -> Tue | V3: =CHOOSE(WEEKDAY(V1,2),"Mo","Tue","We","Thu","Fri","Sat","Sun") -> We | X3: =CHOOSE(WEEKDAY(X1,2),"Mo","Tue","We","Thu","Fri","Sat","Sun") -> Thu | Z3: =CHOOSE(WEEKDAY(Z1,2),"Mo","Tue","We","Thu","Fri","Sat","Sun") -> Fri | AB3: =CHOOSE(WEEKDAY(AB1,2),"Mo","Tue","We","Thu","Fri","Sat","Sun") -> Sat | AD3: =CHOOSE(WEEKDAY(AD1,2),"Mo","Tue","We","Thu","Fri","Sat","Sun") -> Sun | AF3: =CHOOSE(WEEKDAY(AF1,2),"Mo","Tue","We","Thu","Fri","Sat","Sun") -> Mo | AH3: =CHOOSE(WEEKDAY(AH1,2),"Mo","Tue","We","Thu","Fri","Sat","Sun") -> Tue | AJ3: =CHOOSE(WEEKDAY(AJ1,2),"Mo","Tue","We","Thu","Fri","Sat","Sun") -> We | AL3: =CHOOSE(WEEKDAY(AL1,2),"Mo","Tue","We","Thu","Fri","Sat","Sun") -> Thu | AN3: =CHOOSE(WEEKDAY(AN1,2),"Mo","Tue","We","Thu","Fri","Sat","Sun") -> Fri | AP3: =CHOOSE(WEEKDAY(AP1,2),"Mo","Tue","We","Thu","Fri","Sat","Sun") -> Sat | AR3: =CHOOSE(WEEKDAY(AR1,2),"Mo","Tue","We","Thu","Fri","Sat","Sun") -> Sun | AT3: =CHOOSE(WEEKDAY(AT1,2),"Mo","Tue","We","Thu","Fri","Sat","Sun") -> Mo | AV3: =CHOOSE(WEEKDAY(AV1,2),"Mo","Tue","We","Thu","Fri","Sat","Sun") -> Tue | AX3: =CHOOSE(WEEKDAY(AX1,2),"Mo","Tue","We","Thu","Fri","Sat","Sun") -> We | AZ3: =CHOOSE(WEEKDAY(AZ1,2),"Mo","Tue","We","Thu","Fri","Sat","Sun") -> Thu | BB3: =CHOOSE(WEEKDAY(BB1,2),"Mo","Tue","We","Thu","Fri","Sat","Sun") -> Fri | BD3: =CHOOSE(WEEKDAY(BD1,2),"Mo","Tue","We","Thu","Fri","Sat","Sun") -> Sat | BF3: =CHOOSE(WEEKDAY(BF1,2),"Mo","Tue","We","Thu","Fri","Sat","Sun") -> Sun | BH3: =CHOOSE(WEEKDAY(BH1,2),"Mo","Tue","We","Thu","Fri","Sat","Sun") -> Mo | BJ3: =CHOOSE(WEEKDAY(BJ1,2),"Mo","Tue","We","Thu","Fri","Sat","Sun") -> Tue | BL3: =CHOOSE(WEEKDAY(BL1,2),"Mo","Tue","We","Thu","Fri","Sat","Sun") -> We | BN3: =CHOOSE(WEEKDAY(BN1,2),"Mo","Tue","We","Thu","Fri","Sat","Sun") -> Thu | BP3: =CHOOSE(WEEKDAY(BP1,2),"Mo","Tue","We","Thu","Fri","Sat","Sun") -> Fri | BR3: =CHOOSE(WEEKDAY(BR1,2),"Mo","Tue","We","Thu","Fri","Sat","Sun") -> Sat | BT3: =CHOOSE(WEEKDAY(BT1,2),"Mo","Tue","We","Thu","Fri","Sat","Sun") -> Sun | BV3: =CHOOSE(WEEKDAY(BV1,2),"Mo","Tue","We","Thu","Fri","Sat","Sun") -> Mo | BX3: =CHOOSE(WEEKDAY(BX1,2),"Mo","Tue","We","Thu","Fri","Sat","Sun") -> Tue | BZ3: =CHOOSE(WEEKDAY(BZ1,2),"Mo","Tue","We","Thu","Fri","Sat","Sun") -> We | CB3: =CHOOSE(WEEKDAY(CB1,2),"Mo","Tue","We","Thu","Fri","Sat","Sun") -> Thu | CD3: =CHOOSE(WEEKDAY(CD1,2),"Mo","Tue","We","Thu","Fri","Sat","Sun") -> Fri | CF3: =CHOOSE(WEEKDAY(CF1,2),"Mo","Tue","We","Thu","Fri","Sat","Sun") -> Sat | CH3: =CHOOSE(WEEKDAY(CH1,2),"Mo","Tue","We","Thu","Fri","Sat","Sun") -> Sun | CJ3: =CHOOSE(WEEKDAY(CJ1,2),"Mo","Tue","We","Thu","Fri","Sat","Sun") -> Mo | CL3: =CHOOSE(WEEKDAY(CL1,2),"Mo","Tue","We","Thu","Fri","Sat","Sun") -> Tue | CN3: =CHOOSE(WEEKDAY(CN1,2),"Mo","Tue","We","Thu","Fri","Sat","Sun") -> We | CP3: =CHOOSE(WEEKDAY(CP1,2),"Mo","Tue","We","Thu","Fri","Sat","Sun") -> Thu | CR3: =CHOOSE(WEEKDAY(CR1,2),"Mo","Tue","We","Thu","Fri","Sat","Sun") -> Fri | CT3: =CHOOSE(WEEKDAY(CT1,2),"Mo","Tue","We","Thu","Fri","Sat","Sun") -> Sat | CV3: =CHOOSE(WEEKDAY(CV1,2),"Mo","Tue","We","Thu","Fri","Sat","Sun") -> Sun | CX3: =CHOOSE(WEEKDAY(CX1,2),"Mo","Tue","We","Thu","Fri","Sat","Sun") -> Mo | CZ3: =CHOOSE(WEEKDAY(CZ1,2),"Mo","Tue","We","Thu","Fri","Sat","Sun") -> Tue | DB3: =CHOOSE(WEEKDAY(DB1,2),"Mo","Tue","We","Thu","Fri","Sat","Sun") -> We | DD3: =CHOOSE(WEEKDAY(DD1,2),"Mo","Tue","We","Thu","Fri","Sat","Sun") -> Thu | DF3: =CHOOSE(WEEKDAY(DF1,2),"Mo","Tue","We","Thu","Fri","Sat","Sun") -> Fri | DH3: =CHOOSE(WEEKDAY(DH1,2),"Mo","Tue","We","Thu","Fri","Sat","Sun") -> Sat | DJ3: =CHOOSE(WEEKDAY(DJ1,2),"Mo","Tue","We","Thu","Fri","Sat","Sun") -> Sun | DL3: =CHOOSE(WEEKDAY(DL1,2),"Mo","Tue","We","Thu","Fri","Sat","Sun") -> Mo | DN3: =CHOOSE(WEEKDAY(DN1,2),"Mo","Tue","We","Thu","Fri","Sat","Sun") -> Tue | DP3: =CHOOSE(WEEKDAY(DP1,2),"Mo","Tue","We","Thu","Fri","Sat","Sun") -> We | DR3: =CHOOSE(WEEKDAY(DR1,2),"Mo","Tue","We","Thu","Fri","Sat","Sun") -> Thu | DT3: =CHOOSE(WEEKDAY(DT1,2),"Mo","Tue","We","Thu","Fri","Sat","Sun") -> Fri | DV3: =CHOOSE(WEEKDAY(DV1,2),"Mo","Tue","We","Thu","Fri","Sat","Sun") -> Sat | DX3: =CHOOSE(WEEKDAY(DX1,2),"Mo","Tue","We","Thu","Fri","Sat","Sun") -> Sun | DZ3: =CHOOSE(WEEKDAY(DZ1,2),"Mo","Tue","We","Thu","Fri","Sat","Sun") -> Mo | EB3: =CHOOSE(WEEKDAY(EB1,2),"Mo","Tue","We","Thu","Fri","Sat","Sun") -> Tue | ED3: =CHOOSE(WEEKDAY(ED1,2),"Mo","Tue","We","Thu","Fri","Sat","Sun") -> We | EF3: =CHOOSE(WEEKDAY(EF1,2),"Mo","Tue","We","Thu","Fri","Sat","Sun") -> Thu | EH3: =CHOOSE(WEEKDAY(EH1,2),"Mo","Tue","We","Thu","Fri","Sat","Sun") -> Fri | EJ3: =CHOOSE(WEEKDAY(EJ1,2),"Mo","Tue","We","Thu","Fri","Sat","Sun") -> Sat | EL3: =CHOOSE(WEEKDAY(EL1,2),"Mo","Tue","We","Thu","Fri","Sat","Sun") -> Sun | EN3: =CHOOSE(WEEKDAY(EN1,2),"Mo","Tue","We","Thu","Fri","Sat","Sun") -> Mo | EP3: =CHOOSE(WEEKDAY(EP1,2),"Mo","Tue","We","Thu","Fri","Sat","Sun") -> Tue | ER3: =CHOOSE(WEEKDAY(ER1,2),"Mo","Tue","We","Thu","Fri","Sat","Sun") -> We | ET3: =CHOOSE(WEEKDAY(ET1,2),"Mo","Tue","We","Thu","Fri","Sat","Sun") -> Thu | EV3: =CHOOSE(WEEKDAY(EV1,2),"Mo","Tue","We","Thu","Fri","Sat","Sun") -> Fri | EX3: =CHOOSE(WEEKDAY(EX1,2),"Mo","Tue","We","Thu","Fri","Sat","Sun") -> Sat | EZ3: =CHOOSE(WEEKDAY(EZ1,2),"Mo","Tue","We","Thu","Fri","Sat","Sun") -> Sun | FB3: =CHOOSE(WEEKDAY(FB1,2),"Mo","Tue","We","Thu","Fri","Sat","Sun") -> Mo | FD3: =CHOOSE(WEEKDAY(FD1,2),"Mo","Tue","We","Thu","Fri","Sat","Sun") -> Tue | FF3: =CHOOSE(WEEKDAY(FF1,2),"Mo","Tue","We","Thu","Fri","Sat","Sun") -> We | FH3: =CHOOSE(WEEKDAY(FH1,2),"Mo","Tue","We","Thu","Fri","Sat","Sun") -> Thu | FJ3: =CHOOSE(WEEKDAY(FJ1,2),"Mo","Tue","We","Thu","Fri","Sat","Sun") -> Fri | FL3: =CHOOSE(WEEKDAY(FL1,2),"Mo","Tue","We","Thu","Fri","Sat","Sun") -> Sat | FN3: =CHOOSE(WEEKDAY(FN1,2),"Mo","Tue","We","Thu","Fri","Sat","Sun") -> Sun | FP3: =CHOOSE(WEEKDAY(FP1,2),"Mo","Tue","We","Thu","Fri","Sat","Sun") -> Mo | FR3: =CHOOSE(WEEKDAY(FR1,2),"Mo","Tue","We","Thu","Fri","Sat","Sun") -> Tue | FT3: =CHOOSE(WEEKDAY(FT1,2),"Mo","Tue","We","Thu","Fri","Sat","Sun") -> We | FV3: =CHOOSE(WEEKDAY(FV1,2),"Mo","Tue","We","Thu","Fri","Sat","Sun") -> Thu | FX3: =CHOOSE(WEEKDAY(FX1,2),"Mo","Tue","We","Thu","Fri","Sat","Sun") -> Fri | FZ3: =CHOOSE(WEEKDAY(FZ1,2),"Mo","Tue","We","Thu","Fri","Sat","Sun") -> Sat | GB3: =CHOOSE(WEEKDAY(GB1,2),"Mo","Tue","We","Thu","Fri","Sat","Sun") -> Sun | GD3: =CHOOSE(WEEKDAY(GD1,2),"Mo","Tue","We","Thu","Fri","Sat","Sun") -> Mo | GF3: =CHOOSE(WEEKDAY(GF1,2),"Mo","Tue","We","Thu","Fri","Sat","Sun") -> Tue | GH3: =CHOOSE(WEEKDAY(GH1,2),"Mo","Tue","We","Thu","Fri","Sat","Sun") -> We | GJ3: =CHOOSE(WEEKDAY(GJ1,2),"Mo","Tue","We","Thu","Fri","Sat","Sun") -> Thu | GL3: =CHOOSE(WEEKDAY(GL1,2),"Mo","Tue","We","Thu","Fri","Sat","Sun") -> Fri | GN3: =CHOOSE(WEEKDAY(GN1,2),"Mo","Tue","We","Thu","Fri","Sat","Sun") -> Sat | GP3: =CHOOSE(WEEKDAY(GP1,2),"Mo","Tue","We","Thu","Fri","Sat","Sun") -> Sun
A4: Sub-Department | B4: Product Description | C4: Department | D4: Sales Excl | E4: QTY | F4: Sales Excl | G4: QTY | H4: Sales Excl | I4: QTY | J4: Sales Excl | K4: QTY | L4: Sales Excl | M4: QTY | N4: Sales Excl | O4: QTY | P4: Sales Excl | Q4: QTY | R4: Sales Excl | S4: QTY | T4: Sales Excl | U4: QTY | V4: Sales Excl | W4: QTY | X4: Sales Excl | Y4: QTY | Z4: Sales Excl | AA4: QTY | AB4: Sales Excl | AC4: QTY | AD4: Sales Excl | AE4: QTY | AF4: Sales Excl | AG4: QTY | AH4: Sales Excl | AI4: QTY | AJ4: Sales Excl | AK4: QTY | AL4: Sales Excl | AM4: QTY | AN4: Sales Excl | AO4: QTY | AP4: Sales Excl | AQ4: QTY | AR4: Sales Excl | AS4: QTY | AT4: Sales Excl | AU4: QTY | AV4: Sales Excl | AW4: QTY | AX4: Sales Excl | AY4: QTY | AZ4: Sales Excl | BA4: QTY | BB4: Sales Excl | BC4: QTY | BD4: Sales Excl | BE4: QTY | BF4: Sales Excl | BG4: QTY | BH4: Sales Excl | BI4: QTY | BJ4: Sales Excl | BK4: QTY | BL4: Sales Excl | BM4: QTY | BN4: Sales Excl | BO4: QTY | BP4: Sales Excl | BQ4: QTY | BR4: Sales Excl | BS4: QTY | BT4: Sales Excl | BU4: QTY | BV4: Sales Excl | BW4: QTY | BX4: Sales Excl | BY4: QTY | BZ4: Sales Excl | CA4: QTY | CB4: Sales Excl | CC4: QTY | CD4: Sales Excl | CE4: QTY | CF4: Sales Excl | CG4: QTY | CH4: Sales Excl | CI4: QTY | CJ4: Sales Excl | CK4: QTY | CL4: Sales Excl | CM4: QTY | CN4: Sales Excl | CO4: QTY | CP4: Sales Excl | CQ4: QTY | CR4: Sales Excl | CS4: QTY | CT4: Sales Excl | CU4: QTY | CV4: Sales Excl | CW4: QTY | CX4: Sales Excl | CY4: QTY | CZ4: Sales Excl | DA4: QTY | DB4: Sales Excl | DC4: QTY | DD4: Sales Excl | DE4: QTY | DF4: Sales Excl | DG4: QTY | DH4: Sales Excl | DI4: QTY | DJ4: Sales Excl | DK4: QTY | DL4: Sales Excl | DM4: QTY | DN4: Sales Excl | DO4: QTY | DP4: Sales Excl | DQ4: QTY | DR4: Sales Excl | DS4: QTY | DT4: Sales Excl | DU4: QTY | DV4: Sales Excl | DW4: QTY | DX4: Sales Excl | DY4: QTY | DZ4: Sales Excl | EA4: QTY | EB4: Sales Excl | EC4: QTY | ED4: Sales Excl | EE4: QTY | EF4: Sales Excl | EG4: QTY | EH4: Sales Excl | EI4: QTY | EJ4: Sales Excl | EK4: QTY | EL4: Sales Excl | EM4: QTY | EN4: Sales Excl | EO4: QTY | EP4: Sales Excl | EQ4: QTY | ER4: Sales Excl | ES4: QTY | ET4: Sales Excl | EU4: QTY | EV4: Sales Excl | EW4: QTY | EX4: Sales Excl | EY4: QTY | EZ4: Sales Excl | FA4: QTY | FB4: Sales Excl | FC4: QTY | FD4: Sales Excl | FE4: QTY | FF4: Sales Excl | FG4: QTY | FH4: Sales Excl | FI4: QTY | FJ4: Sales Excl | FK4: QTY | FL4: Sales Excl | FM4: QTY | FN4: Sales Excl | FO4: QTY | FP4: Sales Excl | FQ4: QTY | FR4: Sales Excl | FS4: QTY | FT4: Sales Excl | FU4: QTY | FV4: Sales Excl | FW4: QTY | FX4: Sales Excl | FY4: QTY | FZ4: Sales Excl | GA4: QTY | GB4: Sales Excl | GC4: QTY | GD4: Sales Excl | GE4: QTY | GF4: Sales Excl | GG4: QTY | GH4: Sales Excl | GI4: QTY | GJ4: Sales Excl | GK4: QTY | GL4: Sales Excl | GM4: QTY | GN4: Sales Excl | GO4: QTY | GP4: Sales Excl | GQ4: QTY
A5: 216 | B5: SPAR SPICE WORS FARMHOUSE | C5: 2 | D5: 0 | E5: 0 | F5: 0 | G5: 0 | H5: 0 | I5: 0 | J5: 0 | K5: 0 | L5: 0 | M5: 0 | N5: 0 | O5: 0 | P5: 0 | Q5: 0 | R5: 0 | S5: 0 | T5: 0 | U5: 0 | V5: 0 | W5: 0 | X5: 0 | Y5: 0 | Z5: 0 | AA5: 0 | AB5: 0 | AC5: 0 | AD5: 0 | AE5: 0 | AF5: 0 | AG5: 0 | AH5: 0 | AI5: 0 | AJ5: 0 | AK5: 0 | AL5: 0 | AM5: 0 | AN5: 0 | AO5: 0 | AP5: 0 | AQ5: 0 | AR5: 0 | AS5: 0 | AT5: 0 | AU5: 0 | AV5: 0 | AW5: 0 | AX5: 0 | AY5: 0 | AZ5: 0 | BA5: 0 | BB5: 0 | BC5: 0 | BD5: 0 | BE5: 0 | BF5: 0 | BG5: 0 | BH5: 0 | BI5: 0 | BJ5: 0 | BK5: 0 | BL5: 0 | BM5: 0 | BN5: 0 | BO5: 0 | BP5: 0 | BQ5: 0 | BR5: 0 | BS5: 0 | BT5: 0 | BU5: 0 | BV5: 0 | BW5: 0 | BX5: 0 | BY5: 0 | BZ5: 0 | CA5: 0 | CB5: 0 | CC5: 0 | CD5: 0 | CE5: 0 | CF5: 0 | CG5: 0 | CH5: 0 | CI5: 0 | CJ5: 0 | CK5: 0 | CL5: 0 | CM5: 0 | CN5: 0 | CO5: 0 | CP5: 0 | CQ5: 0 | CR5: 0 | CS5: 0 | CT5: 0 | CU5: 0 | CV5: 0 | CW5: 0 | CX5: 0 | CY5: 0 | CZ5: 0 | DA5: 0 | DB5: 0 | DC5: 0 | DD5: 0 | DE5: 0 | DF5: 0 | DG5: 0 | DH5: 0 | DI5: 0 | DJ5: 0 | DK5: 0 | DL5: 0 | DM5: 0 | DN5: 0 | DO5: 0 | DP5: 0 | DQ5: 0 | DR5: 0 | DS5: 0 | DT5: 0 | DU5: 0 | DV5: 0 | DW5: 0 | DX5: 0 | DY5: 0 | DZ5: 0 | EA5: 0 | EB5: 0 | EC5: 0 | ED5: 0 | EE5: 0 | EF5: 0 | EG5: 0 | EH5: 0 | EI5: 0 | EJ5: 0 | EK5: 0 | EL5: 0 | EM5: 0 | EN5: 0 | EO5: 0 | EP5: 0 | EQ5: 0 | ER5: 0 | ES5: 0 | ET5: 0 | EU5: 0 | EV5: 0 | EW5: 0 | EX5: 0 | EY5: 0 | EZ5: 0 | FA5: 0 | FB5: 0 | FC5: 0 | FD5: 0 | FE5: 0 | FF5: 0 | FG5: 0 | FH5: 0 | FI5: 0 | FJ5: 0 | FK5: 0 | FL5: 0 | FM5: 0 | FN5: 0 | FO5: 0 | FP5: 0 | FQ5: 0 | FR5: 0 | FS5: 0 | FT5: 0 | FU5: 0 | FV5: 0 | FW5: 0 | FX5: 0 | FY5: 0 | FZ5: 0 | GA5: 0 | GB5: 0 | GC5: 0 | GD5: 0 | GE5: 0 | GF5: 0 | GG5: 0 | GH5: 0 | GI5: 0 | GJ5: 0 | GK5: 0 | GL5: 0 | GM5: 0 | GN5: 0 | GO5: 0 | GP5: 0 | GQ5: 0
A6: 216 | B6: SPAR SPICE B/WORS KALAHAR | C6: 2 | D6: 0 | E6: 0 | F6: 0 | G6: 0 | H6: 0 | I6: 0 | J6: 0 | K6: 0 | L6: 0 | M6: 0 | N6: 0 | O6: 0 | P6: 0 | Q6: 0 | R6: 0 | S6: 0 | T6: 0 | U6: 0 | V6: 0 | W6: 0 | X6: 0 | Y6: 0 | Z6: 0 | AA6: 0 | AB6: 0 | AC6: 0 | AD6: 0 | AE6: 0 | AF6: 0 | AG6: 0 | AH6: 0 | AI6: 0 | AJ6: 0 | AK6: 0 | AL6: 0 | AM6: 0 | AN6: 0 | AO6: 0 | AP6: 0 | AQ6: 0 | AR6: 0 | AS6: 0 | AT6: 0 | AU6: 0 | AV6: 0 | AW6: 0 | AX6: 0 | AY6: 0 | AZ6: 0 | BA6: 0 | BB6: 0 | BC6: 0 | BD6: 0 | BE6: 0 | BF6: 0 | BG6: 0 | BH6: 0 | BI6: 0 | BJ6: 0 | BK6: 0 | BL6: 0 | BM6: 0 | BN6: 0 | BO6: 0 | BP6: 0 | BQ6: 0 | BR6: 0 | BS6: 0 | BT6: 0 | BU6: 0 | BV6: 0 | BW6: 0 | BX6: 0 | BY6: 0 | BZ6: 0 | CA6: 0 | CB6: 0 | CC6: 0 | CD6: 0 | CE6: 0 | CF6: 0 | CG6: 0 | CH6: 0 | CI6: 0 | CJ6: 0 | CK6: 0 | CL6: 0 | CM6: 0 | CN6: 0 | CO6: 0 | CP6: 0 | CQ6: 0 | CR6: 0 | CS6: 0 | CT6: 0 | CU6: 0 | CV6: 0 | CW6: 0 | CX6: 0 | CY6: 0 | CZ6: 0 | DA6: 0 | DB6: 0 | DC6: 0 | DD6: 0 | DE6: 0 | DF6: 0 | DG6: 0 | DH6: 0 | DI6: 0 | DJ6: 0 | DK6: 0 | DL6: 0 | DM6: 0 | DN6: 0 | DO6: 0 | DP6: 0 | DQ6: 0 | DR6: 0 | DS6: 0 | DT6: 0 | DU6: 0 | DV6: 0 | DW6: 0 | DX6: 0 | DY6: 0 | DZ6: 0 | EA6: 0 | EB6: 0 | EC6: 0 | ED6: 0 | EE6: 0 | EF6: 0 | EG6: 0 | EH6: 0 | EI6: 0 | EJ6: 0 | EK6: 0 | EL6: 0 | EM6: 0 | EN6: 0 | EO6: 0 | EP6: 0 | EQ6: 0 | ER6: 0 | ES6: 0 | ET6: 0 | EU6: 0 | EV6: 0 | EW6: 0 | EX6: 0 | EY6: 0 | EZ6: 0 | FA6: 0 | FB6: 0 | FC6: 0 | FD6: 0 | FE6: 0 | FF6: 0 | FG6: 0 | FH6: 0 | FI6: 0 | FJ6: 0 | FK6: 0 | FL6: 0 | FM6: 0 | FN6: 0 | FO6: 0 | FP6: 0 | FQ6: 0 | FR6: 0 | FS6: 0 | FT6: 0 | FU6: 0 | FV6: 0 | FW6: 0 | FX6: 0 | FY6: 0 | FZ6: 0 | GA6: 0 | GB6: 0 | GC6: 0 | GD6: 0 | GE6: 0 | GF6: 0 | GG6: 0 | GH6: 0 | GI6: 0 | GJ6: 0 | GK6: 0 | GL6: 0 | GM6: 0 | GN6: 0 | GO6: 0 | GP6: 0 | GQ6: 0
A7: 216 | B7: SPAR SPICE B/WORS OUKRANS | C7: 2 | D7: 0 | E7: 0 | F7: 0 | G7: 0 | H7: 0 | I7: 0 | J7: 0 | K7: 0 | L7: 0 | M7: 0 | N7: 0 | O7: 0 | P7: 0 | Q7: 0 | R7: 0 | S7: 0 | T7: 0 | U7: 0 | V7: 0 | W7: 0 | X7: 0 | Y7: 0 | Z7: 0 | AA7: 0 | AB7: 0 | AC7: 0 | AD7: 0 | AE7: 0 | AF7: 0 | AG7: 0 | AH7: 0 | AI7: 0 | AJ7: 0 | AK7: 0 | AL7: 0 | AM7: 0 | AN7: 0 | AO7: 0 | AP7: 0 | AQ7: 0 | AR7: 0 | AS7: 0 | AT7: 0 | AU7: 0 | AV7: 0 | AW7: 0 | AX7: 0 | AY7: 0 | AZ7: 0 | BA7: 0 | BB7: 0 | BC7: 0 | BD7: 0 | BE7: 0 | BF7: 0 | BG7: 0 | BH7: 0 | BI7: 0 | BJ7: 0 | BK7: 0 | BL7: 0 | BM7: 0 | BN7: 0 | BO7: 0 | BP7: 0 | BQ7: 0 | BR7: 0 | BS7: 0 | BT7: 0 | BU7: 0 | BV7: 0 | BW7: 0 | BX7: 0 | BY7: 0 | BZ7: 0 | CA7: 0 | CB7: 0 | CC7: 0 | CD7: 0 | CE7: 0 | CF7: 0 | CG7: 0 | CH7: 0 | CI7: 0 | CJ7: 0 | CK7: 0 | CL7: 0 | CM7: 0 | CN7: 0 | CO7: 0 | CP7: 0 | CQ7: 0 | CR7: 0 | CS7: 0 | CT7: 0 | CU7: 0 | CV7: 0 | CW7: 0 | CX7: 0 | CY7: 0 | CZ7: 0 | DA7: 0 | DB7: 0 | DC7: 0 | DD7: 0 | DE7: 0 | DF7: 0 | DG7: 0 | DH7: 0 | DI7: 0 | DJ7: 0 | DK7: 0 | DL7: 0 | DM7: 0 | DN7: 0 | DO7: 0 | DP7: 0 | DQ7: 0 | DR7: 0 | DS7: 0 | DT7: 0 | DU7: 0 | DV7: 0 | DW7: 0 | DX7: 0 | DY7: 0 | DZ7: 0 | EA7: 0 | EB7: 0 | EC7: 0 | ED7: 0 | EE7: 0 | EF7: 0 | EG7: 0 | EH7: 0 | EI7: 0 | EJ7: 0 | EK7: 0 | EL7: 0 | EM7: 0 | EN7: 0 | EO7: 0 | EP7: 0 | EQ7: 0 | ER7: 0 | ES7: 0 | ET7: 0 | EU7: 0 | EV7: 0 | EW7: 0 | EX7: 0 | EY7: 0 | EZ7: 0 | FA7: 0 | FB7: 0 | FC7: 0 | FD7: 0 | FE7: 0 | FF7: 0 | FG7: 0 | FH7: 0 | FI7: 0 | FJ7: 0 | FK7: 0 | FL7: 0 | FM7: 0 | FN7: 0 | FO7: 0 | FP7: 0 | FQ7: 0 | FR7: 0 | FS7: 0 | FT7: 0 | FU7: 0 | FV7: 0 | FW7: 0 | FX7: 0 | FY7: 0 | FZ7: 0 | GA7: 0 | GB7: 0 | GC7: 0 | GD7: 0 | GE7: 0 | GF7: 0 | GG7: 0 | GH7: 0 | GI7: 0 | GJ7: 0 | GK7: 0 | GL7: 0 | GM7: 0 | GN7: 0 | GO7: 0 | GP7: 0 | GQ7: 0
A8: 216 | B8: SPAR SPICE B/WORS ROOIBRG | C8: 2 | D8: 0 | E8: 0 | F8: 0 | G8: 0 | H8: 0 | I8: 0 | J8: 0 | K8: 0 | L8: 0 | M8: 0 | N8: 0 | O8: 0 | P8: 0 | Q8: 0 | R8: 0 | S8: 0 | T8: 0 | U8: 0 | V8: 0 | W8: 0 | X8: 0 | Y8: 0 | Z8: 0 | AA8: 0 | AB8: 0 | AC8: 0 | AD8: 0 | AE8: 0 | AF8: 0 | AG8: 0 | AH8: 0 | AI8: 0 | AJ8: 0 | AK8: 0 | AL8: 0 | AM8: 0 | AN8: 0 | AO8: 0 | AP8: 0 | AQ8: 0 | AR8: 0 | AS8: 0 | AT8: 0 | AU8: 0 | AV8: 0 | AW8: 0 | AX8: 0 | AY8: 0 | AZ8: 0 | BA8: 0 | BB8: 0 | BC8: 0 | BD8: 0 | BE8: 0 | BF8: 0 | BG8: 0 | BH8: 0 | BI8: 0 | BJ8: 0 | BK8: 0 | BL8: 0 | BM8: 0 | BN8: 0 | BO8: 0 | BP8: 0 | BQ8: 0 | BR8: 0 | BS8: 0 | BT8: 0 | BU8: 0 | BV8: 0 | BW8: 0 | BX8: 0 | BY8: 0 | BZ8: 0 | CA8: 0 | CB8: 0 | CC8: 0 | CD8: 0 | CE8: 0 | CF8: 0 | CG8: 0 | CH8: 0 | CI8: 0 | CJ8: 0 | CK8: 0 | CL8: 0 | CM8: 0 | CN8: 0 | CO8: 0 | CP8: 0 | CQ8: 0 | CR8: 0 | CS8: 0 | CT8: 0 | CU8: 0 | CV8: 0 | CW8: 0 | CX8: 0 | CY8: 0 | CZ8: 0 | DA8: 0 | DB8: 0 | DC8: 0 | DD8: 0 | DE8: 0 | DF8: 0 | DG8: 0 | DH8: 0 | DI8: 0 | DJ8: 0 | DK8: 0 | DL8: 0 | DM8: 0 | DN8: 0 | DO8: 0 | DP8: 0 | DQ8: 0 | DR8: 0 | DS8: 0 | DT8: 0 | DU8: 0 | DV8: 0 | DW8: 0 | DX8: 0 | DY8: 0 | DZ8: 0 | EA8: 0 | EB8: 0 | EC8: 0 | ED8: 0 | EE8: 0 | EF8: 0 | EG8: 0 | EH8: 0 | EI8: 0 | EJ8: 0 | EK8: 0 | EL8: 0 | EM8: 0 | EN8: 0 | EO8: 0 | EP8: 0 | EQ8: 0 | ER8: 0 | ES8: 0 | ET8: 0 | EU8: 0 | EV8: 0 | EW8: 0 | EX8: 0 | EY8: 0 | EZ8: 0 | FA8: 0 | FB8: 0 | FC8: 0 | FD8: 0 | FE8: 0 | FF8: 0 | FG8: 0 | FH8: 0 | FI8: 0 | FJ8: 0 | FK8: 0 | FL8: 0 | FM8: 0 | FN8: 0 | FO8: 0 | FP8: 0 | FQ8: 0 | FR8: 0 | FS8: 0 | FT8: 0 | FU8: 0 | FV8: 0 | FW8: 0 | FX8: 0 | FY8: 0 | FZ8: 0 | GA8: 0 | GB8: 0 | GC8: 0 | GD8: 0 | GE8: 0 | GF8: 0 | GG8: 0 | GH8: 0 | GI8: 0 | GJ8: 0 | GK8: 0 | GL8: 0 | GM8: 0 | GN8: 0 | GO8: 0 | GP8: 0 | GQ8: 0
A9: 202 | B9: SPAR SPICE CHGRILL BURGER | C9: 2 | D9: 0 | E9: 0 | F9: 0 | G9: 0 | H9: 0 | I9: 0 | J9: 0 | K9: 0 | L9: 0 | M9: 0 | N9: 0 | O9: 0 | P9: 0 | Q9: 0 | R9: 0 | S9: 0 | T9: 0 | U9: 0 | V9: 0 | W9: 0 | X9: 0 | Y9: 0 | Z9: 0 | AA9: 0 | AB9: 0 | AC9: 0 | AD9: 0 | AE9: 0 | AF9: 0 | AG9: 0 | AH9: 0 | AI9: 0 | AJ9: 0 | AK9: 0 | AL9: 0 | AM9: 0 | AN9: 0 | AO9: 0 | AP9: 0 | AQ9: 0 | AR9: 0 | AS9: 0 | AT9: 0 | AU9: 0 | AV9: 0 | AW9: 0 | AX9: 0 | AY9: 0 | AZ9: 0 | BA9: 0 | BB9: 0 | BC9: 0 | BD9: 0 | BE9: 0 | BF9: 0 | BG9: 0 | BH9: 0 | BI9: 0 | BJ9: 0 | BK9: 0 | BL9: 0 | BM9: 0 | BN9: 0 | BO9: 0 | BP9: 0 | BQ9: 0 | BR9: 0 | BS9: 0 | BT9: 0 | BU9: 0 | BV9: 0 | BW9: 0 | BX9: 0 | BY9: 0 | BZ9: 0 | CA9: 0 | CB9: 0 | CC9: 0 | CD9: 0 | CE9: 0 | CF9: 0 | CG9: 0 | CH9: 0 | CI9: 0 | CJ9: 0 | CK9: 0 | CL9: 0 | CM9: 0 | CN9: 0 | CO9: 0 | CP9: 0 | CQ9: 0 | CR9: 0 | CS9: 0 | CT9: 0 | CU9: 0 | CV9: 0 | CW9: 0 | CX9: 0 | CY9: 0 | CZ9: 0 | DA9: 0 | DB9: 0 | DC9: 0 | DD9: 0 | DE9: 0 | DF9: 0 | DG9: 0 | DH9: 0 | DI9: 0 | DJ9: 0 | DK9: 0 | DL9: 0 | DM9: 0 | DN9: 0 | DO9: 0 | DP9: 0 | DQ9: 0 | DR9: 0 | DS9: 0 | DT9: 0 | DU9: 0 | DV9: 0 | DW9: 0 | DX9: 0 | DY9: 0 | DZ9: 0 | EA9: 0 | EB9: 0 | EC9: 0 | ED9: 0 | EE9: 0 | EF9: 0 | EG9: 0 | EH9: 0 | EI9: 0 | EJ9: 0 | EK9: 0 | EL9: 0 | EM9: 0 | EN9: 0 | EO9: 0 | EP9: 0 | EQ9: 0 | ER9: 0 | ES9: 0 | ET9: 0 | EU9: 0 | EV9: 0 | EW9: 0 | EX9: 0 | EY9: 0 | EZ9: 0 | FA9: 0 | FB9: 0 | FC9: 0 | FD9: 0 | FE9: 0 | FF9: 0 | FG9: 0 | FH9: 0 | FI9: 0 | FJ9: 0 | FK9: 0 | FL9: 0 | FM9: 0 | FN9: 0 | FO9: 0 | FP9: 0 | FQ9: 0 | FR9: 0 | FS9: 0 | FT9: 0 | FU9: 0 | FV9: 0 | FW9: 0 | FX9: 0 | FY9: 0 | FZ9: 0 | GA9: 0 | GB9: 0 | GC9: 0 | GD9: 0 | GE9: 0 | GF9: 0 | GG9: 0 | GH9: 0 | GI9: 0 | GJ9: 0 | GK9: 0 | GL9: 0 | GM9: 0 | GN9: 0 | GO9: 0 | GP9: 0 | GQ9: 0
A10: 210 | B10: SPAR SPICE BEEF SAUSAGE | C10: 2 | D10: 0 | E10: 0 | F10: 0 | G10: 0 | H10: 0 | I10: 0 | J10: 0 | K10: 0 | L10: 0 | M10: 0 | N10: 0 | O10: 0 | P10: 0 | Q10: 0 | R10: 0 | S10: 0 | T10: 0 | U10: 0 | V10: 0 | W10: 0 | X10: 0 | Y10: 0 | Z10: 0 | AA10: 0 | AB10: 0 | AC10: 0 | AD10: 0 | AE10: 0 | AF10: 0 | AG10: 0 | AH10: 0 | AI10: 0 | AJ10: 0 | AK10: 0 | AL10: 0 | AM10: 0 | AN10: 0 | AO10: 0 | AP10: 0 | AQ10: 0 | AR10: 0 | AS10: 0 | AT10: 0 | AU10: 0 | AV10: 0 | AW10: 0 | AX10: 0 | AY10: 0 | AZ10: 0 | BA10: 0 | BB10: 0 | BC10: 0 | BD10: 0 | BE10: 0 | BF10: 0 | BG10: 0 | BH10: 0 | BI10: 0 | BJ10: 0 | BK10: 0 | BL10: 0 | BM10: 0 | BN10: 0 | BO10: 0 | BP10: 0 | BQ10: 0 | BR10: 0 | BS10: 0 | BT10: 0 | BU10: 0 | BV10: 0 | BW10: 0 | BX10: 0 | BY10: 0 | BZ10: 0 | CA10: 0 | CB10: 0 | CC10: 0 | CD10: 0 | CE10: 0 | CF10: 0 | CG10: 0 | CH10: 0 | CI10: 0 | CJ10: 0 | CK10: 0 | CL10: 0 | CM10: 0 | CN10: 0 | CO10: 0 | CP10: 0 | CQ10: 0 | CR10: 0 | CS10: 0 | CT10: 0 | CU10: 0 | CV10: 0 | CW10: 0 | CX10: 0 | CY10: 0 | CZ10: 0 | DA10: 0 | DB10: 0 | DC10: 0 | DD10: 0 | DE10: 0 | DF10: 0 | DG10: 0 | DH10: 0 | DI10: 0 | DJ10: 0 | DK10: 0 | DL10: 0 | DM10: 0 | DN10: 0 | DO10: 0 | DP10: 0 | DQ10: 0 | DR10: 0 | DS10: 0 | DT10: 0 | DU10: 0 | DV10: 0 | DW10: 0 | DX10: 0 | DY10: 0 | DZ10: 0 | EA10: 0 | EB10: 0 | EC10: 0 | ED10: 0 | EE10: 0 | EF10: 0 | EG10: 0 | EH10: 0 | EI10: 0 | EJ10: 0 | EK10: 0 | EL10: 0 | EM10: 0 | EN10: 0 | EO10: 0 | EP10: 0 | EQ10: 0 | ER10: 0 | ES10: 0 | ET10: 0 | EU10: 0 | EV10: 0 | EW10: 0 | EX10: 0 | EY10: 0 | EZ10: 0 | FA10: 0 | FB10: 0 | FC10: 0 | FD10: 0 | FE10: 0 | FF10: 0 | FG10: 0 | FH10: 0 | FI10: 0 | FJ10: 0 | FK10: 0 | FL10: 0 | FM10: 0 | FN10: 0 | FO10: 0 | FP10: 0 | FQ10: 0 | FR10: 0 | FS10: 0 | FT10: 0 | FU10: 0 | FV10: 0 | FW10: 0 | FX10: 0 | FY10: 0 | FZ10: 0 | GA10: 0 | GB10: 0 | GC10: 0 | GD10: 0 | GE10: 0 | GF10: 0 | GG10: 0 | GH10: 0 | GI10: 0 | GJ10: 0 | GK10: 0 | GL10: 0 | GM10: 0 | GN10: 0 | GO10: 0 | GP10: 0 | GQ10: 0
A11: 207 | B11: SPAR SLT PORK LEG B/IN | C11: 2 | D11: 0 | E11: 0 | F11: 0 | G11: 0 | H11: 0 | I11: 0 | J11: 0 | K11: 0 | L11: 0 | M11: 0 | N11: 0 | O11: 0 | P11: 0 | Q11: 0 | R11: 0 | S11: 0 | T11: 0 | U11: 0 | V11: 0 | W11: 0 | X11: 0 | Y11: 0 | Z11: 0 | AA11: 0 | AB11: 0 | AC11: 0 | AD11: 0 | AE11: 0 | AF11: 0 | AG11: 0 | AH11: 0 | AI11: 0 | AJ11: 0 | AK11: 0 | AL11: 0 | AM11: 0 | AN11: 0 | AO11: 0 | AP11: 0 | AQ11: 0 | AR11: 0 | AS11: 0 | AT11: 0 | AU11: 0 | AV11: 0 | AW11: 0 | AX11: 0 | AY11: 0 | AZ11: 0 | BA11: 0 | BB11: 0 | BC11: 0 | BD11: 0 | BE11: 0 | BF11: 0 | BG11: 0 | BH11: 0 | BI11: 0 | BJ11: 0 | BK11: 0 | BL11: 0 | BM11: 0 | BN11: 0 | BO11: 0 | BP11: 0 | BQ11: 0 | BR11: 0 | BS11: 0 | BT11: 0 | BU11: 0 | BV11: 0 | BW11: 0 | BX11: 0 | BY11: 0 | BZ11: 0 | CA11: 0 | CB11: 0 | CC11: 0 | CD11: 0 | CE11: 0 | CF11: 0 | CG11: 0 | CH11: 0 | CI11: 0 | CJ11: 0 | CK11: 0 | CL11: 0 | CM11: 0 | CN11: 0 | CO11: 0 | CP11: 0 | CQ11: 0 | CR11: 0 | CS11: 0 | CT11: 0 | CU11: 0 | CV11: 0 | CW11: 0 | CX11: 0 | CY11: 0 | CZ11: 0 | DA11: 0 | DB11: 0 | DC11: 0 | DD11: 0 | DE11: 0 | DF11: 0 | DG11: 0 | DH11: 0 | DI11: 0 | DJ11: 0 | DK11: 0 | DL11: 0 | DM11: 0 | DN11: 0 | DO11: 0 | DP11: 0 | DQ11: 0 | DR11: 0 | DS11: 0 | DT11: 0 | DU11: 0 | DV11: 0 | DW11: 0 | DX11: 0 | DY11: 0 | DZ11: 0 | EA11: 0 | EB11: 0 | EC11: 0 | ED11: 0 | EE11: 0 | EF11: 0 | EG11: 0 | EH11: 0 | EI11: 0 | EJ11: 0 | EK11: 0 | EL11: 0 | EM11: 0 | EN11: 0 | EO11: 0 | EP11: 0 | EQ11: 0 | ER11: 0 | ES11: 0 | ET11: 0 | EU11: 0 | EV11: 0 | EW11: 0 | EX11: 0 | EY11: 0 | EZ11: 0 | FA11: 0 | FB11: 0 | FC11: 0 | FD11: 0 | FE11: 0 | FF11: 0 | FG11: 0 | FH11: 0 | FI11: 0 | FJ11: 0 | FK11: 0 | FL11: 0 | FM11: 0 | FN11: 0 | FO11: 0 | FP11: 0 | FQ11: 0 | FR11: 0 | FS11: 0 | FT11: 0 | FU11: 0 | FV11: 0 | FW11: 0 | FX11: 0 | FY11: 0 | FZ11: 0 | GA11: 0 | GB11: 0 | GC11: 0 | GD11: 0 | GE11: 0 | GF11: 0 | GG11: 0 | GH11: 0 | GI11: 0 | GJ11: 0 | GK11: 0 | GL11: 0 | GM11: 0 | GN11: 0 | GO11: 0 | GP11: 0 | GQ11: 0
A12: 207 | B12: YB PORK SHLDR B/IN | C12: 2 | D12: 0 | E12: 0 | F12: 0 | G12: 0 | H12: 0 | I12: 0 | J12: 0 | K12: 0 | L12: 0 | M12: 0 | N12: 0 | O12: 0 | P12: 0 | Q12: 0 | R12: 0 | S12: 0 | T12: 0 | U12: 0 | V12: 0 | W12: 0 | X12: 0 | Y12: 0 | Z12: 0 | AA12: 0 | AB12: 0 | AC12: 0 | AD12: 0 | AE12: 0 | AF12: 0 | AG12: 0 | AH12: 0 | AI12: 0 | AJ12: 0 | AK12: 0 | AL12: 0 | AM12: 0 | AN12: 0 | AO12: 0 | AP12: 0 | AQ12: 0 | AR12: 0 | AS12: 0 | AT12: 0 | AU12: 0 | AV12: 0 | AW12: 0 | AX12: 0 | AY12: 0 | AZ12: 0 | BA12: 0 | BB12: 0 | BC12: 0 | BD12: 0 | BE12: 0 | BF12: 0 | BG12: 0 | BH12: 0 | BI12: 0 | BJ12: 0 | BK12: 0 | BL12: 0 | BM12: 0 | BN12: 0 | BO12: 0 | BP12: 0 | BQ12: 0 | BR12: 0 | BS12: 0 | BT12: 0 | BU12: 0 | BV12: 0 | BW12: 0 | BX12: 0 | BY12: 0 | BZ12: 0 | CA12: 0 | CB12: 0 | CC12: 0 | CD12: 0 | CE12: 0 | CF12: 0 | CG12: 0 | CH12: 0 | CI12: 0 | CJ12: 0 | CK12: 0 | CL12: 0 | CM12: 0 | CN12: 0 | CO12: 0 | CP12: 0 | CQ12: 0 | CR12: 0 | CS12: 0 | CT12: 0 | CU12: 0 | CV12: 0 | CW12: 0 | CX12: 0 | CY12: 0 | CZ12: 0 | DA12: 0 | DB12: 0 | DC12: 0 | DD12: 0 | DE12: 0 | DF12: 0 | DG12: 0 | DH12: 0 | DI12: 0 | DJ12: 0 | DK12: 0 | DL12: 0 | DM12: 0 | DN12: 0 | DO12: 0 | DP12: 0 | DQ12: 0 | DR12: 0 | DS12: 0 | DT12: 0 | DU12: 0 | DV12: 0 | DW12: 0 | DX12: 0 | DY12: 0 | DZ12: 0 | EA12: 0 | EB12: 0 | EC12: 0 | ED12: 0 | EE12: 0 | EF12: 0 | EG12: 0 | EH12: 0 | EI12: 0 | EJ12: 0 | EK12: 0 | EL12: 0 | EM12: 0 | EN12: 0 | EO12: 0 | EP12: 0 | EQ12: 0 | ER12: 0 | ES12: 0 | ET12: 0 | EU12: 0 | EV12: 0 | EW12: 0 | EX12: 0 | EY12: 0 | EZ12: 0 | FA12: 0 | FB12: 0 | FC12: 0 | FD12: 0 | FE12: 0 | FF12: 0 | FG12: 0 | FH12: 0 | FI12: 0 | FJ12: 0 | FK12: 0 | FL12: 0 | FM12: 0 | FN12: 0 | FO12: 0 | FP12: 0 | FQ12: 0 | FR12: 0 | FS12: 0 | FT12: 0 | FU12: 0 | FV12: 0 | FW12: 0 | FX12: 0 | FY12: 0 | FZ12: 0 | GA12: 0 | GB12: 0 | GC12: 0 | GD12: 0 | GE12: 0 | GF12: 0 | GG12: 0 | GH12: 0 | GI12: 0 | GJ12: 0 | GK12: 0 | GL12: 0 | GM12: 0 | GN12: 0 | GO12: 0 | GP12: 0 | GQ12: 0
A13: 207 | B13: SPAR YB PORK LION WHOLE | C13: 2 | D13: 0 | E13: 0 | F13: 0 | G13: 0 | H13: 0 | I13: 0 | J13: 0 | K13: 0 | L13: 0 | M13: 0 | N13: 0 | O13: 0 | P13: 0 | Q13: 0 | R13: 0 | S13: 0 | T13: 0 | U13: 0 | V13: 0 | W13: 0 | X13: 0 | Y13: 0 | Z13: 0 | AA13: 0 | AB13: 0 | AC13: 0 | AD13: 0 | AE13: 0 | AF13: 0 | AG13: 0 | AH13: 0 | AI13: 0 | AJ13: 0 | AK13: 0 | AL13: 0 | AM13: 0 | AN13: 0 | AO13: 0 | AP13: 0 | AQ13: 0 | AR13: 0 | AS13: 0 | AT13: 0 | AU13: 0 | AV13: 0 | AW13: 0 | AX13: 0 | AY13: 0 | AZ13: 0 | BA13: 0 | BB13: 0 | BC13: 0 | BD13: 0 | BE13: 0 | BF13: 0 | BG13: 0 | BH13: 0 | BI13: 0 | BJ13: 0 | BK13: 0 | BL13: 0 | BM13: 0 | BN13: 0 | BO13: 0 | BP13: 0 | BQ13: 0 | BR13: 0 | BS13: 0 | BT13: 0 | BU13: 0 | BV13: 0 | BW13: 0 | BX13: 0 | BY13: 0 | BZ13: 0 | CA13: 0 | CB13: 0 | CC13: 0 | CD13: 0 | CE13: 0 | CF13: 0 | CG13: 0 | CH13: 0 | CI13: 0 | CJ13: 0 | CK13: 0 | CL13: 0 | CM13: 0 | CN13: 0 | CO13: 0 | CP13: 0 | CQ13: 0 | CR13: 0 | CS13: 0 | CT13: 0 | CU13: 0 | CV13: 0 | CW13: 0 | CX13: 0 | CY13: 0 | CZ13: 0 | DA13: 0 | DB13: 0 | DC13: 0 | DD13: 0 | DE13: 0 | DF13: 0 | DG13: 0 | DH13: 0 | DI13: 0 | DJ13: 0 | DK13: 0 | DL13: 0 | DM13: 0 | DN13: 0 | DO13: 0 | DP13: 0 | DQ13: 0 | DR13: 0 | DS13: 0 | DT13: 0 | DU13: 0 | DV13: 0 | DW13: 0 | DX13: 0 | DY13: 0 | DZ13: 0 | EA13: 0 | EB13: 0 | EC13: 0 | ED13: 0 | EE13: 0 | EF13: 0 | EG13: 0 | EH13: 0 | EI13: 0 | EJ13: 0 | EK13: 0 | EL13: 0 | EM13: 0 | EN13: 0 | EO13: 0 | EP13: 0 | EQ13: 0 | ER13: 0 | ES13: 0 | ET13: 0 | EU13: 0 | EV13: 0 | EW13: 0 | EX13: 0 | EY13: 0 | EZ13: 0 | FA13: 0 | FB13: 0 | FC13: 0 | FD13: 0 | FE13: 0 | FF13: 0 | FG13: 0 | FH13: 0 | FI13: 0 | FJ13: 0 | FK13: 0 | FL13: 0 | FM13: 0 | FN13: 0 | FO13: 0 | FP13: 0 | FQ13: 0 | FR13: 0 | FS13: 0 | FT13: 0 | FU13: 0 | FV13: 0 | FW13: 0 | FX13: 0 | FY13: 0 | FZ13: 0 | GA13: 0 | GB13: 0 | GC13: 0 | GD13: 0 | GE13: 0 | GF13: 0 | GG13: 0 | GH13: 0 | GI13: 0 | GJ13: 0 | GK13: 0 | GL13: 0 | GM13: 0 | GN13: 0 | GO13: 0 | GP13: 0 | GQ13: 0
A14: 207 | B14: BULK PORK NECK STEAK | C14: 2 | D14: 0 | E14: 0 | F14: 0 | G14: 0 | H14: 0 | I14: 0 | J14: 0 | K14: 0 | L14: 0 | M14: 0 | N14: 0 | O14: 0 | P14: 0 | Q14: 0 | R14: 0 | S14: 0 | T14: 0 | U14: 0 | V14: 0 | W14: 0 | X14: 0 | Y14: 0 | Z14: 0 | AA14: 0 | AB14: 0 | AC14: 0 | AD14: 0 | AE14: 0 | AF14: 0 | AG14: 0 | AH14: 0 | AI14: 0 | AJ14: 0 | AK14: 0 | AL14: 0 | AM14: 0 | AN14: 0 | AO14: 0 | AP14: 0 | AQ14: 0 | AR14: 0 | AS14: 0 | AT14: 0 | AU14: 0 | AV14: 0 | AW14: 0 | AX14: 0 | AY14: 0 | AZ14: 0 | BA14: 0 | BB14: 0 | BC14: 0 | BD14: 0 | BE14: 0 | BF14: 0 | BG14: 0 | BH14: 0 | BI14: 0 | BJ14: 0 | BK14: 0 | BL14: 0 | BM14: 0 | BN14: 0 | BO14: 0 | BP14: 0 | BQ14: 0 | BR14: 0 | BS14: 0 | BT14: 0 | BU14: 0 | BV14: 0 | BW14: 0 | BX14: 0 | BY14: 0 | BZ14: 0 | CA14: 0 | CB14: 0 | CC14: 0 | CD14: 0 | CE14: 0 | CF14: 0 | CG14: 0 | CH14: 0 | CI14: 0 | CJ14: 0 | CK14: 0 | CL14: 0 | CM14: 0 | CN14: 0 | CO14: 0 | CP14: 0 | CQ14: 0 | CR14: 0 | CS14: 0 | CT14: 0 | CU14: 0 | CV14: 0 | CW14: 0 | CX14: 0 | CY14: 0 | CZ14: 0 | DA14: 0 | DB14: 0 | DC14: 0 | DD14: 0 | DE14: 0 | DF14: 0 | DG14: 0 | DH14: 0 | DI14: 0 | DJ14: 0 | DK14: 0 | DL14: 0 | DM14: 0 | DN14: 0 | DO14: 0 | DP14: 0 | DQ14: 0 | DR14: 0 | DS14: 0 | DT14: 0 | DU14: 0 | DV14: 0 | DW14: 0 | DX14: 0 | DY14: 0 | DZ14: 0 | EA14: 0 | EB14: 0 | EC14: 0 | ED14: 0 | EE14: 0 | EF14: 0 | EG14: 0 | EH14: 0 | EI14: 0 | EJ14: 0 | EK14: 0 | EL14: 0 | EM14: 0 | EN14: 0 | EO14: 0 | EP14: 0 | EQ14: 0 | ER14: 0 | ES14: 0 | ET14: 0 | EU14: 0 | EV14: 0 | EW14: 0 | EX14: 0 | EY14: 0 | EZ14: 0 | FA14: 0 | FB14: 0 | FC14: 0 | FD14: 0 | FE14: 0 | FF14: 0 | FG14: 0 | FH14: 0 | FI14: 0 | FJ14: 0 | FK14: 0 | FL14: 0 | FM14: 0 | FN14: 0 | FO14: 0 | FP14: 0 | FQ14: 0 | FR14: 0 | FS14: 0 | FT14: 0 | FU14: 0 | FV14: 0 | FW14: 0 | FX14: 0 | FY14: 0 | FZ14: 0 | GA14: 0 | GB14: 0 | GC14: 0 | GD14: 0 | GE14: 0 | GF14: 0 | GG14: 0 | GH14: 0 | GI14: 0 | GJ14: 0 | GK14: 0 | GL14: 0 | GM14: 0 | GN14: 0 | GO14: 0 | GP14: 0 | GQ14: 0
A15: 207 | B15: PORK HOCKS STEW | C15: 2 | D15: 0 | E15: 0 | F15: 0 | G15: 0 | H15: 0 | I15: 0 | J15: 0 | K15: 0 | L15: 0 | M15: 0 | N15: 0 | O15: 0 | P15: 0 | Q15: 0 | R15: 0 | S15: 0 | T15: 0 | U15: 0 | V15: 0 | W15: 0 | X15: 0 | Y15: 0 | Z15: 0 | AA15: 0 | AB15: 0 | AC15: 0 | AD15: 0 | AE15: 0 | AF15: 0 | AG15: 0 | AH15: 0 | AI15: 0 | AJ15: 0 | AK15: 0 | AL15: 0 | AM15: 0 | AN15: 0 | AO15: 0 | AP15: 0 | AQ15: 0 | AR15: 0 | AS15: 0 | AT15: 0 | AU15: 0 | AV15: 0 | AW15: 0 | AX15: 0 | AY15: 0 | AZ15: 0 | BA15: 0 | BB15: 0 | BC15: 0 | BD15: 0 | BE15: 0 | BF15: 0 | BG15: 0 | BH15: 0 | BI15: 0 | BJ15: 0 | BK15: 0 | BL15: 0 | BM15: 0 | BN15: 0 | BO15: 0 | BP15: 0 | BQ15: 0 | BR15: 0 | BS15: 0 | BT15: 0 | BU15: 0 | BV15: 0 | BW15: 0 | BX15: 0 | BY15: 0 | BZ15: 0 | CA15: 0 | CB15: 0 | CC15: 0 | CD15: 0 | CE15: 0 | CF15: 0 | CG15: 0 | CH15: 0 | CI15: 0 | CJ15: 0 | CK15: 0 | CL15: 0 | CM15: 0 | CN15: 0 | CO15: 0 | CP15: 0 | CQ15: 0 | CR15: 0 | CS15: 0 | CT15: 0 | CU15: 0 | CV15: 0 | CW15: 0 | CX15: 0 | CY15: 0 | CZ15: 0 | DA15: 0 | DB15: 0 | DC15: 0 | DD15: 0 | DE15: 0 | DF15: 0 | DG15: 0 | DH15: 0 | DI15: 0 | DJ15: 0 | DK15: 0 | DL15: 0 | DM15: 0 | DN15: 0 | DO15: 0 | DP15: 0 | DQ15: 0 | DR15: 0 | DS15: 0 | DT15: 0 | DU15: 0 | DV15: 0 | DW15: 0 | DX15: 0 | DY15: 0 | DZ15: 0 | EA15: 0 | EB15: 0 | EC15: 0 | ED15: 0 | EE15: 0 | EF15: 0 | EG15: 0 | EH15: 0 | EI15: 0 | EJ15: 0 | EK15: 0 | EL15: 0 | EM15: 0 | EN15: 0 | EO15: 0 | EP15: 0 | EQ15: 0 | ER15: 0 | ES15: 0 | ET15: 0 | EU15: 0 | EV15: 0 | EW15: 0 | EX15: 0 | EY15: 0 | EZ15: 0 | FA15: 0 | FB15: 0 | FC15: 0 | FD15: 0 | FE15: 0 | FF15: 0 | FG15: 0 | FH15: 0 | FI15: 0 | FJ15: 0 | FK15: 0 | FL15: 0 | FM15: 0 | FN15: 0 | FO15: 0 | FP15: 0 | FQ15: 0 | FR15: 0 | FS15: 0 | FT15: 0 | FU15: 0 | FV15: 0 | FW15: 0 | FX15: 0 | FY15: 0 | FZ15: 0 | GA15: 0 | GB15: 0 | GC15: 0 | GD15: 0 | GE15: 0 | GF15: 0 | GG15: 0 | GH15: 0 | GI15: 0 | GJ15: 0 | GK15: 0 | GL15: 0 | GM15: 0 | GN15: 0 | GO15: 0 | GP15: 0 | GQ15: 0
A16: 210 | B16: SPAR YB BELLY B/IN | C16: 2 | D16: 0 | E16: 0 | F16: 0 | G16: 0 | H16: 0 | I16: 0 | J16: 0 | K16: 0 | L16: 0 | M16: 0 | N16: 0 | O16: 0 | P16: 0 | Q16: 0 | R16: 0 | S16: 0 | T16: 0 | U16: 0 | V16: 0 | W16: 0 | X16: 0 | Y16: 0 | Z16: 0 | AA16: 0 | AB16: 0 | AC16: 0 | AD16: 0 | AE16: 0 | AF16: 0 | AG16: 0 | AH16: 0 | AI16: 0 | AJ16: 0 | AK16: 0 | AL16: 0 | AM16: 0 | AN16: 0 | AO16: 0 | AP16: 0 | AQ16: 0 | AR16: 0 | AS16: 0 | AT16: 0 | AU16: 0 | AV16: 0 | AW16: 0 | AX16: 0 | AY16: 0 | AZ16: 0 | BA16: 0 | BB16: 0 | BC16: 0 | BD16: 0 | BE16: 0 | BF16: 0 | BG16: 0 | BH16: 0 | BI16: 0 | BJ16: 0 | BK16: 0 | BL16: 0 | BM16: 0 | BN16: 0 | BO16: 0 | BP16: 0 | BQ16: 0 | BR16: 0 | BS16: 0 | BT16: 0 | BU16: 0 | BV16: 0 | BW16: 0 | BX16: 0 | BY16: 0 | BZ16: 0 | CA16: 0 | CB16: 0 | CC16: 0 | CD16: 0 | CE16: 0 | CF16: 0 | CG16: 0 | CH16: 0 | CI16: 0 | CJ16: 0 | CK16: 0 | CL16: 0 | CM16: 0 | CN16: 0 | CO16: 0 | CP16: 0 | CQ16: 0 | CR16: 0 | CS16: 0 | CT16: 0 | CU16: 0 | CV16: 0 | CW16: 0 | CX16: 0 | CY16: 0 | CZ16: 0 | DA16: 0 | DB16: 0 | DC16: 0 | DD16: 0 | DE16: 0 | DF16: 0 | DG16: 0 | DH16: 0 | DI16: 0 | DJ16: 0 | DK16: 0 | DL16: 0 | DM16: 0 | DN16: 0 | DO16: 0 | DP16: 0 | DQ16: 0 | DR16: 0 | DS16: 0 | DT16: 0 | DU16: 0 | DV16: 0 | DW16: 0 | DX16: 0 | DY16: 0 | DZ16: 0 | EA16: 0 | EB16: 0 | EC16: 0 | ED16: 0 | EE16: 0 | EF16: 0 | EG16: 0 | EH16: 0 | EI16: 0 | EJ16: 0 | EK16: 0 | EL16: 0 | EM16: 0 | EN16: 0 | EO16: 0 | EP16: 0 | EQ16: 0 | ER16: 0 | ES16: 0 | ET16: 0 | EU16: 0 | EV16: 0 | EW16: 0 | EX16: 0 | EY16: 0 | EZ16: 0 | FA16: 0 | FB16: 0 | FC16: 0 | FD16: 0 | FE16: 0 | FF16: 0 | FG16: 0 | FH16: 0 | FI16: 0 | FJ16: 0 | FK16: 0 | FL16: 0 | FM16: 0 | FN16: 0 | FO16: 0 | FP16: 0 | FQ16: 0 | FR16: 0 | FS16: 0 | FT16: 0 | FU16: 0 | FV16: 0 | FW16: 0 | FX16: 0 | FY16: 0 | FZ16: 0 | GA16: 0 | GB16: 0 | GC16: 0 | GD16: 0 | GE16: 0 | GF16: 0 | GG16: 0 | GH16: 0 | GI16: 0 | GJ16: 0 | GK16: 0 | GL16: 0 | GM16: 0 | GN16: 0 | GO16: 0 | GP16: 0 | GQ16: 0
... A97: 216 | B97: ROOIBERG B/WORS | C97: 2 | D97: 189.0087 | E97: 1.976 | F97: 186.13913 | G97: 1.946 | H97: 312.78261 | I97: 3.27 | J97: 409.58261 | K97: 4.282 | L97: 941.7913 | M97: 9.847 | N97: 256.14783 | O97: 2.678 | P97: 40.556522 | Q97: 0.424 | R97: 0 | S97: 0 | T97: 43.234783 | U97: 0.366 | V97: 0 | W97: 0 | X97: 0 | Y97: 0 | Z97: 0 | AA97: 0 | AB97: 0 | AC97: 0 | AD97: 0 | AE97: 0 | AF97: 0 | AG97: 0 | AH97: 0 | AI97: 0 | AJ97: 0 | AK97: 0 | AL97: 0 | AM97: 0 | AN97: 0 | AO97: 0 | AP97: 0 | AQ97: 0 | AR97: 0 | AS97: 0 | AT97: 0 | AU97: 0 | AV97: 0 | AW97: 0 | AX97: 0 | AY97: 0 | AZ97: 0 | BA97: 0 | BB97: 0 | BC97: 0 | BD97: 0 | BE97: 0 | BF97: 0 | BG97: 0 | BH97: 0 | BI97: 0 | BJ97: 0 | BK97: 0 | BL97: 0 | BM97: 0 | BN97: 0 | BO97: 0 | BP97: 0 | BQ97: 0 | BR97: 0 | BS97: 0 | BT97: 0 | BU97: 0 | BV97: 199.91304 | BW97: 2.09 | BX97: 332.48696 | BY97: 3.476 | BZ97: 383.18261 | CA97: 4.006 | CB97: 225.35652 | CC97: 2.356 | CD97: 721.6 | CE97: 7.545 | CF97: 382.41739 | CG97: 3.998 | CH97: 73.652174 | CI97: 0.77 | CJ97: 355.63478 | CK97: 3.718 | CL97: 190.53913 | CM97: 1.992 | CN97: 174.66087 | CO97: 1.826 | CP97: 109.61739 | CQ97: 1.146 | CR97: 681.8 | CS97: 7.129 | CT97: 571.61739 | CU97: 5.977 | CV97: 440.95652 | CW97: 4.61 | CX97: 393.70435 | CY97: 4.116 | CZ97: 348.36522 | DA97: 3.642 | DB97: 507.33913 | DC97: 5.304 | DD97: 452.05217 | DE97: 4.726 | DF97: 1105.9304 | DG97: 11.563 | DH97: 1335.8783 | DI97: 13.967 | DJ97: 1157.3913 | DK97: 12.101 | DL97: 537.33043 | DM97: 5.618 | DN97: 419.08696 | DO97: 4.382 | DP97: 518.7913 | DQ97: 5.424 | DR97: 1114.3478 | DS97: 11.651 | DT97: 766.74783 | DU97: 8.017 | DV97: 841.54783 | DW97: 8.799 | DX97: 521.49565 | DY97: 5.452 | DZ97: 466.5913 | EA97: 4.878 | EB97: 29.46087 | EC97: 0.308 | ED97: 0 | EE97: 0 | EF97: 42.504348 | EG97: 0.376 | EH97: 375.53043 | EI97: 3.322 | EJ97: 279.21739 | EK97: 2.47 | EL97: 242.8087 | EM97: 2.148 | EN97: 131.35652 | EO97: 1.162 | EP97: 47.930435 | EQ97: 0.424 | ER97: 89.304348 | ES97: 0.79 | ET97: 100.6087 | EU97: 0.89 | EV97: 0 | EW97: 0 | EX97: 0 | EY97: 0 | EZ97: 46.573913 | FA97: 0.412 | FB97: 0 | FC97: 0 | FD97: 0 | FE97: 0 | FF97: 0 | FG97: 0 | FH97: 0 | FI97: 0 | FJ97: 0 | FK97: 0 | FL97: 0 | FM97: 0 | FN97: 0 | FO97: 0 | FP97: 0 | FQ97: 0 | FR97: 0 | FS97: 0 | FT97: 0 | FU97: 0 | FV97: 0 | FW97: 0 | FX97: 0 | FY97: 0 | FZ97: 0 | GA97: 0 | GB97: 0 | GC97: 0 | GD97: 0 | GE97: 0 | GF97: 0 | GG97: 0 | GH97: 0 | GI97: 0 | GJ97: 0 | GK97: 0 | GL97: 0 | GM97: 0 | GN97: 0 | GO97: 0 | GP97: 0 | GQ97: 0
A98: 204 | B98: 1 | C98: 2 | D98: 0 | E98: 0 | F98: 0 | G98: 0 | H98: 0 | I98: 0 | J98: 0 | K98: 0 | L98: 0 | M98: 0 | N98: 0 | O98: 0 | P98: 0 | Q98: 0 | R98: 0 | S98: 0 | T98: 0 | U98: 0 | V98: 0 | W98: 0 | X98: 0 | Y98: 0 | Z98: 0 | AA98: 0 | AB98: 0 | AC98: 0 | AD98: 0 | AE98: 0 | AF98: 0 | AG98: 0 | AH98: 0 | AI98: 0 | AJ98: 0 | AK98: 0 | AL98: 0 | AM98: 0 | AN98: 0 | AO98: 0 | AP98: 0 | AQ98: 0 | AR98: 0 | AS98: 0 | AT98: 0 | AU98: 0 | AV98: 0 | AW98: 0 | AX98: 366.51304 | AY98: 2.958 | AZ98: 786.9913 | BA98: 6.034 | BB98: 0 | BC98: 0 | BD98: 0 | BE98: 0 | BF98: 0 | BG98: 0 | BH98: 0 | BI98: 0 | BJ98: 0 | BK98: 0 | BL98: 0 | BM98: 0 | BN98: 0 | BO98: 0 | BP98: 0 | BQ98: 0 | BR98: 0 | BS98: 0 | BT98: 0 | BU98: 0 | BV98: 0 | BW98: 0 | BX98: 0 | BY98: 0 | BZ98: 0 | CA98: 0 | CB98: 0 | CC98: 0 | CD98: 0 | CE98: 0 | CF98: 0 | CG98: 0 | CH98: 0 | CI98: 0 | CJ98: 0 | CK98: 0 | CL98: 0 | CM98: 0 | CN98: 0 | CO98: 0 | CP98: 0 | CQ98: 0 | CR98: 0 | CS98: 0 | CT98: 0 | CU98: 0 | CV98: 0 | CW98: 0 | CX98: 0 | CY98: 0 | CZ98: 0 | DA98: 0 | DB98: 0 | DC98: 0 | DD98: 0 | DE98: 0 | DF98: 1303.7478 | DG98: 9.996 | DH98: 925.24348 | DI98: 7.094 | DJ98: 0 | DK98: 0 | DL98: 0 | DM98: 0 | DN98: 0 | DO98: 0 | DP98: 0 | DQ98: 0 | DR98: 0 | DS98: 0 | DT98: 0 | DU98: 0 | DV98: 0 | DW98: 0 | DX98: 0 | DY98: 0 | DZ98: 0 | EA98: 0 | EB98: 0 | EC98: 0 | ED98: 0 | EE98: 0 | EF98: 0 | EG98: 0 | EH98: 0 | EI98: 0 | EJ98: 0 | EK98: 0 | EL98: 389.97391 | EM98: 2.99 | EN98: 400.4087 | EO98: 3.07 | EP98: 0 | EQ98: 0 | ER98: 0 | ES98: 0 | ET98: 0 | EU98: 0 | EV98: 0 | EW98: 0 | EX98: 0 | EY98: 0 | EZ98: 0 | FA98: 0 | FB98: 0 | FC98: 0 | FD98: 0 | FE98: 0 | FF98: 1026.9391 | FG98: 8.748 | FH98: 1202.3217 | FI98: 10.242 | FJ98: 3539.113 | FK98: 30.148 | FL98: 6351.8087 | FM98: 54.108 | FN98: 2880.0783 | FO98: 24.534 | FP98: 1388.7565 | FQ98: 11.744 | FR98: 2089.513 | FS98: 17.67 | FT98: 1719.1304 | FU98: 14.692 | FV98: 3596.0522 | FW98: 30.41 | FX98: 2428.8957 | FY98: 20.54 | FZ98: 1665.4609 | GA98: 14.084 | GB98: 0 | GC98: 0 | GD98: 0 | GE98: 0 | GF98: 0 | GG98: 0 | GH98: 0 | GI98: 0 | GJ98: 0 | GK98: 0 | GL98: 0 | GM98: 0 | GN98: 0 | GO98: 0 | GP98: 0 | GQ98: 0
A99: 216 | B99: OPPIE-KOPPIE BOEREWORS | C99: 2 | D99: 0 | E99: 0 | F99: 0 | G99: 0 | H99: 0 | I99: 0 | J99: 0 | K99: 0 | L99: 0 | M99: 0 | N99: 0 | O99: 0 | P99: 0 | Q99: 0 | R99: 0 | S99: 0 | T99: 0 | U99: 0 | V99: 0 | W99: 0 | X99: 82.773913 | Y99: 0.7 | Z99: 195.5913 | AA99: 1.607 | AB99: 317.38261 | AC99: 2.607 | AD99: 219.94783 | AE99: 1.807 | AF99: 124.41739 | AG99: 1.022 | AH99: 78.4 | AI99: 0.644 | AJ99: 0 | AK99: 0 | AL99: 0 | AM99: 0 | AN99: 219.49565 | AO99: 1.942 | AP99: 240.66087 | AQ99: 2.129 | AR99: 122.53913 | AS99: 1.084 | AT99: 164.5913 | AU99: 1.456 | AV99: 160.06957 | AW99: 1.416 | AX99: 334.15652 | AY99: 2.956 | AZ99: 281.02609 | BA99: 2.486 | BB99: 814.5913 | BC99: 7.207 | BD99: 701.54783 | BE99: 6.206 | BF99: 0 | BG99: 0 | BH99: 94.730435 | BI99: 0.838 | BJ99: 161.65217 | BK99: 1.43 | BL99: 0 | BM99: 0 | BN99: 0 | BO99: 0 | BP99: 0 | BQ99: 0 | BR99: 0 | BS99: 0 | BT99: 0 | BU99: 0 | BV99: 0 | BW99: 0 | BX99: 0 | BY99: 0 | BZ99: 0 | CA99: 0 | CB99: 0 | CC99: 0 | CD99: 0 | CE99: 0 | CF99: 0 | CG99: 0 | CH99: 0 | CI99: 0 | CJ99: 0 | CK99: 0 | CL99: 0 | CM99: 0 | CN99: 0 | CO99: 0 | CP99: 0 | CQ99: 0 | CR99: 288.93913 | CS99: 2.556 | CT99: 390.67826 | CU99: 3.456 | CV99: 85.234783 | CW99: 0.754 | CX99: 95.86087 | CY99: 0.848 | CZ99: 133.16522 | DA99: 1.178 | DB99: 162.10435 | DC99: 1.434 | DD99: 130.45217 | DE99: 1.154 | DF99: 174.9913 | DG99: 1.548 | DH99: 222.46957 | DI99: 1.968 | DJ99: 0 | DK99: 0 | DL99: 50.191304 | DM99: 0.444 | DN99: 0 | DO99: 0 | DP99: 84.330435 | DQ99: 0.746 | DR99: 362.64348 | DS99: 3.208 | DT99: 415.32174 | DU99: 3.674 | DV99: 672.6087 | DW99: 5.95 | DX99: 258.41739 | DY99: 2.286 | DZ99: 205.73913 | EA99: 1.82 | EB99: 40.243478 | EC99: 0.356 | ED99: 0 | EE99: 0 | EF99: 35.947826 | EG99: 0.318 | EH99: 526.33043 | EI99: 4.656 | EJ99: 338.67826 | EK99: 2.996 | EL99: 261.58261 | EM99: 2.314 | EN99: 137.91304 | EO99: 1.22 | EP99: 47.252174 | EQ99: 0.418 | ER99: 190.13913 | ES99: 1.682 | ET99: 140.4 | EU99: 1.242 | EV99: 268.5913 | EW99: 2.376 | EX99: 275.14783 | EY99: 2.434 | EZ99: 49.286957 | FA99: 0.436 | FB99: 47.930435 | FC99: 0.424 | FD99: 0 | FE99: 0 | FF99: 43.182609 | FG99: 0.382 | FH99: 86.365217 | FI99: 0.764 | FJ99: 181.32174 | FK99: 1.604 | FL99: 629.65217 | FM99: 5.57 | FN99: 339.35652 | FO99: 3.002 | FP99: 513.66957 | FQ99: 4.544 | FR99: 139.72174 | FS99: 1.236 | FT99: 67.147826 | FU99: 0.594 | FV99: 316.97391 | FW99: 2.804 | FX99: 528.36522 | FY99: 4.674 | FZ99: 387.73913 | GA99: 3.43 | GB99: 177.70435 | GC99: 1.572 | GD99: 190.5913 | GE99: 1.686 | GF99: 131.8087 | GG99: 1.166 | GH99: 311.32174 | GI99: 2.754 | GJ99: 220.88696 | GK99: 1.954 | GL99: 414.64348 | GM99: 3.668 | GN99: 528.13913 | GO99: 4.672 | GP99: 210.71304 | GQ99: 1.864
A100: 216 | B100: OUKRANS BOEREWORS | C100: 2 | D100: 0 | E100: 0 | F100: 0 | G100: 0 | H100: 0 | I100: 0 | J100: 0 | K100: 0 | L100: 0 | M100: 0 | N100: 0 | O100: 0 | P100: 0 | Q100: 0 | R100: 0 | S100: 0 | T100: 0 | U100: 0 | V100: 0 | W100: 0 | X100: 0 | Y100: 0 | Z100: 0 | AA100: 0 | AB100: 0 | AC100: 0 | AD100: 0 | AE100: 0 | AF100: 0 | AG100: 0 | AH100: 0 | AI100: 0 | AJ100: 0 | AK100: 0 | AL100: 0 | AM100: 0 | AN100: 0 | AO100: 0 | AP100: 0 | AQ100: 0 | AR100: 0 | AS100: 0 | AT100: 0 | AU100: 0 | AV100: 0 | AW100: 0 | AX100: 0 | AY100: 0 | AZ100: 0 | BA100: 0 | BB100: 0 | BC100: 0 | BD100: 0 | BE100: 0 | BF100: 0 | BG100: 0 | BH100: 0 | BI100: 0 | BJ100: 0 | BK100: 0 | BL100: 0 | BM100: 0 | BN100: 0 | BO100: 0 | BP100: 0 | BQ100: 0 | BR100: 0 | BS100: 0 | BT100: 0 | BU100: 0 | BV100: 0 | BW100: 0 | BX100: 0 | BY100: 0 | BZ100: 0 | CA100: 0 | CB100: 0 | CC100: 0 | CD100: 0 | CE100: 0 | CF100: 0 | CG100: 0 | CH100: 0 | CI100: 0 | CJ100: 0 | CK100: 0 | CL100: 0 | CM100: 0 | CN100: 0 | CO100: 0 | CP100: 0 | CQ100: 0 | CR100: 0 | CS100: 0 | CT100: 0 | CU100: 0 | CV100: 0 | CW100: 0 | CX100: 0 | CY100: 0 | CZ100: 0 | DA100: 0 | DB100: 0 | DC100: 0 | DD100: 0 | DE100: 0 | DF100: 0 | DG100: 0 | DH100: 0 | DI100: 0 | DJ100: 0 | DK100: 0 | DL100: 0 | DM100: 0 | DN100: 0 | DO100: 0 | DP100: 0 | DQ100: 0 | DR100: 0 | DS100: 0 | DT100: 0 | DU100: 0 | DV100: 0 | DW100: 0 | DX100: 0 | DY100: 0 | DZ100: 0 | EA100: 0 | EB100: 0 | EC100: 0 | ED100: 0 | EE100: 0 | EF100: 0 | EG100: 0 | EH100: 0 | EI100: 0 | EJ100: 0 | EK100: 0 | EL100: 0 | EM100: 0 | EN100: 0 | EO100: 0 | EP100: 0 | EQ100: 0 | ER100: 0 | ES100: 0 | ET100: 0 | EU100: 0 | EV100: 0 | EW100: 0 | EX100: 660.10435 | EY100: 6.327 | EZ100: 247.09565 | FA100: 2.368 | FB100: 84.730435 | FC100: 0.812 | FD100: 87.443478 | FE100: 0.838 | FF100: 261.07826 | FG100: 2.31 | FH100: 527.93043 | FI100: 4.671 | FJ100: 699.96522 | FK100: 6.192 | FL100: 857.54783 | FM100: 7.587 | FN100: 224.73043 | FO100: 1.988 | FP100: 372.5913 | FQ100: 3.296 | FR100: 0 | FS100: 0 | FT100: 0 | FU100: 0 | FV100: 0 | FW100: 0 | FX100: 0 | FY100: 0 | FZ100: 0 | GA100: 0 | GB100: 0 | GC100: 0 | GD100: 0 | GE100: 0 | GF100: 0 | GG100: 0 | GH100: 0 | GI100: 0 | GJ100: 0 | GK100: 0 | GL100: 0 | GM100: 0 | GN100: 0 | GO100: 0 | GP100: 0 | GQ100: 0
A101: 213 | B101: BABELAS MIX | C101: 2 | D101: 0 | E101: 0 | F101: 0 | G101: 0 | H101: 0 | I101: 0 | J101: 0 | K101: 0 | L101: 0 | M101: 0 | N101: 0 | O101: 0 | P101: 0 | Q101: 0 | R101: 0 | S101: 0 | T101: 0 | U101: 0 | V101: 0 | W101: 0 | X101: 0 | Y101: 0 | Z101: 0 | AA101: 0 | AB101: 0 | AC101: 0 | AD101: 0 | AE101: 0 | AF101: 0 | AG101: 0 | AH101: 0 | AI101: 0 | AJ101: 0 | AK101: 0 | AL101: 0 | AM101: 0 | AN101: 0 | AO101: 0 | AP101: 0 | AQ101: 0 | AR101: 0 | AS101: 0 | AT101: 0 | AU101: 0 | AV101: 0 | AW101: 0 | AX101: 0 | AY101: 0 | AZ101: 0 | BA101: 0 | BB101: 0 | BC101: 0 | BD101: 0 | BE101: 0 | BF101: 0 | BG101: 0 | BH101: 0 | BI101: 0 | BJ101: 0 | BK101: 0 | BL101: 0 | BM101: 0 | BN101: 0 | BO101: 0 | BP101: 0 | BQ101: 0 | BR101: 0 | BS101: 0 | BT101: 0 | BU101: 0 | BV101: 0 | BW101: 0 | BX101: 0 | BY101: 0 | BZ101: 0 | CA101: 0 | CB101: 0 | CC101: 0 | CD101: 0 | CE101: 0 | CF101: 0 | CG101: 0 | CH101: 0 | CI101: 0 | CJ101: 0 | CK101: 0 | CL101: 0 | CM101: 0 | CN101: 0 | CO101: 0 | CP101: 0 | CQ101: 0 | CR101: 0 | CS101: 0 | CT101: 0 | CU101: 0 | CV101: 0 | CW101: 0 | CX101: 0 | CY101: 0 | CZ101: 0 | DA101: 0 | DB101: 0 | DC101: 0 | DD101: 0 | DE101: 0 | DF101: 0 | DG101: 0 | DH101: 0 | DI101: 0 | DJ101: 0 | DK101: 0 | DL101: 0 | DM101: 0 | DN101: 0 | DO101: 0 | DP101: 0 | DQ101: 0 | DR101: 0 | DS101: 0 | DT101: 0 | DU101: 0 | DV101: 0 | DW101: 0 | DX101: 0 | DY101: 0 | DZ101: 0 | EA101: 0 | EB101: 0 | EC101: 0 | ED101: 0 | EE101: 0 | EF101: 0 | EG101: 0 | EH101: 0 | EI101: 0 | EJ101: 0 | EK101: 0 | EL101: 0 | EM101: 0 | EN101: 0 | EO101: 0 | EP101: 0 | EQ101: 0 | ER101: 0 | ES101: 0 | ET101: 0 | EU101: 0 | EV101: 0 | EW101: 0 | EX101: 0 | EY101: 0 | EZ101: 0 | FA101: 0 | FB101: 0 | FC101: 0 | FD101: 0 | FE101: 0 | FF101: 0 | FG101: 0 | FH101: 0 | FI101: 0 | FJ101: 0 | FK101: 0 | FL101: 0 | FM101: 0 | FN101: 0 | FO101: 0 | FP101: 0 | FQ101: 0 | FR101: 0 | FS101: 0 | FT101: 0 | FU101: 0 | FV101: 0 | FW101: 0 | FX101: 0 | FY101: 0 | FZ101: 0 | GA101: 0 | GB101: 0 | GC101: 0 | GD101: 0 | GE101: 0 | GF101: 0 | GG101: 0 | GH101: 0 | GI101: 0 | GJ101: 0 | GK101: 0 | GL101: 0 | GM101: 0 | GN101: 0 | GO101: 0 | GP101: 0 | GQ101: 0
A102: 202 | B102: BEEF F/QUARTER | C102: 2 | D102: 0 | E102: 0 | F102: 0 | G102: 0 | H102: 0 | I102: 0 | J102: 0 | K102: 0 | L102: 0 | M102: 0 | N102: 0 | O102: 0 | P102: 0 | Q102: 0 | R102: 0 | S102: 0 | T102: 0 | U102: 0 | V102: 0 | W102: 0 | X102: 0 | Y102: 0 | Z102: 0 | AA102: 0 | AB102: 0 | AC102: 0 | AD102: 0 | AE102: 0 | AF102: 0 | AG102: 0 | AH102: 0 | AI102: 0 | AJ102: 0 | AK102: 0 | AL102: 0 | AM102: 0 | AN102: 0 | AO102: 0 | AP102: 0 | AQ102: 0 | AR102: 0 | AS102: 0 | AT102: 0 | AU102: 0 | AV102: 0 | AW102: 0 | AX102: 0 | AY102: 0 | AZ102: 0 | BA102: 0 | BB102: 0 | BC102: 0 | BD102: 0 | BE102: 0 | BF102: 0 | BG102: 0 | BH102: 0 | BI102: 0 | BJ102: 0 | BK102: 0 | BL102: 0 | BM102: 0 | BN102: 0 | BO102: 0 | BP102: 0 | BQ102: 0 | BR102: 0 | BS102: 0 | BT102: 0 | BU102: 0 | BV102: 0 | BW102: 0 | BX102: 0 | BY102: 0 | BZ102: 0 | CA102: 0 | CB102: 0 | CC102: 0 | CD102: 0 | CE102: 0 | CF102: 0 | CG102: 0 | CH102: 0 | CI102: 0 | CJ102: 0 | CK102: 0 | CL102: 0 | CM102: 0 | CN102: 0 | CO102: 0 | CP102: 0 | CQ102: 0 | CR102: 0 | CS102: 0 | CT102: 0 | CU102: 0 | CV102: 0 | CW102: 0 | CX102: 0 | CY102: 0 | CZ102: 0 | DA102: 0 | DB102: 0 | DC102: 0 | DD102: 0 | DE102: 0 | DF102: 0 | DG102: 0 | DH102: 0 | DI102: 0 | DJ102: 0 | DK102: 0 | DL102: 0 | DM102: 0 | DN102: 0 | DO102: 0 | DP102: 0 | DQ102: 0 | DR102: 0 | DS102: 0 | DT102: 0 | DU102: 0 | DV102: 0 | DW102: 0 | DX102: 0 | DY102: 0 | DZ102: 0 | EA102: 0 | EB102: 0 | EC102: 0 | ED102: 0 | EE102: 0 | EF102: 0 | EG102: 0 | EH102: 0 | EI102: 0 | EJ102: 0 | EK102: 0 | EL102: 0 | EM102: 0 | EN102: 0 | EO102: 0 | EP102: 0 | EQ102: 0 | ER102: 0 | ES102: 0 | ET102: 0 | EU102: 0 | EV102: 0 | EW102: 0 | EX102: 0 | EY102: 0 | EZ102: 0 | FA102: 0 | FB102: 0 | FC102: 0 | FD102: 0 | FE102: 0 | FF102: 0 | FG102: 0 | FH102: 0 | FI102: 0 | FJ102: 0 | FK102: 0 | FL102: 0 | FM102: 0 | FN102: 0 | FO102: 0 | FP102: 0 | FQ102: 0 | FR102: 0 | FS102: 0 | FT102: 0 | FU102: 0 | FV102: 0 | FW102: 0 | FX102: 0 | FY102: 0 | FZ102: 0 | GA102: 0 | GB102: 0 | GC102: 0 | GD102: 0 | GE102: 0 | GF102: 0 | GG102: 0 | GH102: 0 | GI102: 0 | GJ102: 0 | GK102: 0 | GL102: 0 | GM102: 0 | GN102: 0 | GO102: 0 | GP102: 0 | GQ102: 0
A103: 213 | B103: BEEF BILTONG | C103: 2 | D103: 0 | E103: 0 | F103: 0 | G103: 0 | H103: 0 | I103: 0 | J103: 0 | K103: 0 | L103: 0 | M103: 0 | N103: 0 | O103: 0 | P103: 0 | Q103: 0 | R103: 0 | S103: 0 | T103: 0 | U103: 0 | V103: 0 | W103: 0 | X103: 0 | Y103: 0 | Z103: 0 | AA103: 0 | AB103: 0 | AC103: 0 | AD103: 0 | AE103: 0 | AF103: 0 | AG103: 0 | AH103: 0 | AI103: 0 | AJ103: 0 | AK103: 0 | AL103: 0 | AM103: 0 | AN103: 0 | AO103: 0 | AP103: 0 | AQ103: 0 | AR103: 0 | AS103: 0 | AT103: 0 | AU103: 0 | AV103: 0 | AW103: 0 | AX103: 0 | AY103: 0 | AZ103: 0 | BA103: 0 | BB103: 0 | BC103: 0 | BD103: 0 | BE103: 0 | BF103: 0 | BG103: 0 | BH103: 0 | BI103: 0 | BJ103: 0 | BK103: 0 | BL103: 0 | BM103: 0 | BN103: 0 | BO103: 0 | BP103: 0 | BQ103: 0 | BR103: 0 | BS103: 0 | BT103: 0 | BU103: 0 | BV103: 0 | BW103: 0 | BX103: 0 | BY103: 0 | BZ103: 0 | CA103: 0 | CB103: 0 | CC103: 0 | CD103: 0 | CE103: 0 | CF103: 0 | CG103: 0 | CH103: 0 | CI103: 0 | CJ103: 0 | CK103: 0 | CL103: 0 | CM103: 0 | CN103: 0 | CO103: 0 | CP103: 0 | CQ103: 0 | CR103: 0 | CS103: 0 | CT103: 0 | CU103: 0 | CV103: 0 | CW103: 0 | CX103: 0 | CY103: 0 | CZ103: 0 | DA103: 0 | DB103: 0 | DC103: 0 | DD103: 0 | DE103: 0 | DF103: 0 | DG103: 0 | DH103: 0 | DI103: 0 | DJ103: 0 | DK103: 0 | DL103: 0 | DM103: 0 | DN103: 0 | DO103: 0 | DP103: 0 | DQ103: 0 | DR103: 62.817391 | DS103: 0.144 | DT103: 0 | DU103: 0 | DV103: 0 | DW103: 0 | DX103: 0 | DY103: 0 | DZ103: 0 | EA103: 0 | EB103: 0 | EC103: 0 | ED103: 0 | EE103: 0 | EF103: 0 | EG103: 0 | EH103: 0 | EI103: 0 | EJ103: 0 | EK103: 0 | EL103: 0 | EM103: 0 | EN103: 0 | EO103: 0 | EP103: 0 | EQ103: 0 | ER103: 0 | ES103: 0 | ET103: 0 | EU103: 0 | EV103: 0 | EW103: 0 | EX103: 0 | EY103: 0 | EZ103: 0 | FA103: 0 | FB103: 0 | FC103: 0 | FD103: 0 | FE103: 0 | FF103: 0 | FG103: 0 | FH103: 0 | FI103: 0 | FJ103: 0 | FK103: 0 | FL103: 0 | FM103: 0 | FN103: 0 | FO103: 0 | FP103: 0 | FQ103: 0 | FR103: 0 | FS103: 0 | FT103: 0 | FU103: 0 | FV103: 0 | FW103: 0 | FX103: 0 | FY103: 0 | FZ103: 0 | GA103: 0 | GB103: 0 | GC103: 0 | GD103: 0 | GE103: 0 | GF103: 0 | GG103: 0 | GH103: 0 | GI103: 0 | GJ103: 0 | GK103: 0 | GL103: 0 | GM103: 0 | GN103: 0 | GO103: 0 | GP103: 0 | GQ103: 0
A104: 224 | B104: BEEF BILTONG NUGGET PLAIN | C104: 2 | D104: 0 | E104: 0 | F104: 0 | G104: 0 | H104: 0 | I104: 0 | J104: 48.147826 | K104: 0.098 | L104: 0 | M104: 0 | N104: 0 | O104: 0 | P104: 0 | Q104: 0 | R104: 0 | S104: 0 | T104: 0 | U104: 0 | V104: 0 | W104: 0 | X104: 0 | Y104: 0 | Z104: 0 | AA104: 0 | AB104: 0 | AC104: 0 | AD104: 0 | AE104: 0 | AF104: 0 | AG104: 0 | AH104: 0 | AI104: 0 | AJ104: 0 | AK104: 0 | AL104: 0 | AM104: 0 | AN104: 0 | AO104: 0 | AP104: 0 | AQ104: 0 | AR104: 0 | AS104: 0 | AT104: 0 | AU104: 0 | AV104: 0 | AW104: 0 | AX104: 0 | AY104: 0 | AZ104: 0 | BA104: 0 | BB104: 0 | BC104: 0 | BD104: 0 | BE104: 0 | BF104: 0 | BG104: 0 | BH104: 0 | BI104: 0 | BJ104: 0 | BK104: 0 | BL104: 0 | BM104: 0 | BN104: 0 | BO104: 0 | BP104: 0 | BQ104: 0 | BR104: 0 | BS104: 0 | BT104: 0 | BU104: 0 | BV104: 0 | BW104: 0 | BX104: 0 | BY104: 0 | BZ104: 0 | CA104: 0 | CB104: 0 | CC104: 0 | CD104: 0 | CE104: 0 | CF104: 0 | CG104: 0 | CH104: 0 | CI104: 0 | CJ104: 0 | CK104: 0 | CL104: 0 | CM104: 0 | CN104: 0 | CO104: 0 | CP104: 0 | CQ104: 0 | CR104: 0 | CS104: 0 | CT104: 0 | CU104: 0 | CV104: 0 | CW104: 0 | CX104: 0 | CY104: 0 | CZ104: 0 | DA104: 0 | DB104: 0 | DC104: 0 | DD104: 0 | DE104: 0 | DF104: 0 | DG104: 0 | DH104: 0 | DI104: 0 | DJ104: 0 | DK104: 0 | DL104: 0 | DM104: 0 | DN104: 0 | DO104: 0 | DP104: 0 | DQ104: 0 | DR104: 0 | DS104: 0 | DT104: 0 | DU104: 0 | DV104: 0 | DW104: 0 | DX104: 0 | DY104: 0 | DZ104: 0 | EA104: 0 | EB104: 0 | EC104: 0 | ED104: 0 | EE104: 0 | EF104: 0 | EG104: 0 | EH104: 0 | EI104: 0 | EJ104: 0 | EK104: 0 | EL104: 0 | EM104: 0 | EN104: 0 | EO104: 0 | EP104: 0 | EQ104: 0 | ER104: 0 | ES104: 0 | ET104: 0 | EU104: 0 | EV104: 0 | EW104: 0 | EX104: 0 | EY104: 0 | EZ104: 0 | FA104: 0 | FB104: 0 | FC104: 0 | FD104: 0 | FE104: 0 | FF104: 0 | FG104: 0 | FH104: 0 | FI104: 0 | FJ104: 0 | FK104: 0 | FL104: 0 | FM104: 0 | FN104: 0 | FO104: 0 | FP104: 0 | FQ104: 0 | FR104: 0 | FS104: 0 | FT104: 0 | FU104: 0 | FV104: 0 | FW104: 0 | FX104: 0 | FY104: 0 | FZ104: 0 | GA104: 0 | GB104: 0 | GC104: 0 | GD104: 0 | GE104: 0 | GF104: 0 | GG104: 0 | GH104: 0 | GI104: 0 | GJ104: 0 | GK104: 0 | GL104: 0 | GM104: 0 | GN104: 0 | GO104: 0 | GP104: 0 | GQ104: 0
A105: 207 | B105: DELI CO PORK RASHER | C105: 2 | D105: 0 | E105: 0 | F105: 0 | G105: 0 | H105: 0 | I105: 0 | J105: 0 | K105: 0 | L105: 0 | M105: 0 | N105: 0 | O105: 0 | P105: 0 | Q105: 0 | R105: 0 | S105: 0 | T105: 0 | U105: 0 | V105: 0 | W105: 0 | X105: 0 | Y105: 0 | Z105: 0 | AA105: 0 | AB105: 0 | AC105: 0 | AD105: 0 | AE105: 0 | AF105: 0 | AG105: 0 | AH105: 0 | AI105: 0 | AJ105: 0 | AK105: 0 | AL105: 0 | AM105: 0 | AN105: 0 | AO105: 0 | AP105: 0 | AQ105: 0 | AR105: 0 | AS105: 0 | AT105: 0 | AU105: 0 | AV105: 0 | AW105: 0 | AX105: 0 | AY105: 0 | AZ105: 0 | BA105: 0 | BB105: 0 | BC105: 0 | BD105: 0 | BE105: 0 | BF105: 0 | BG105: 0 | BH105: 0 | BI105: 0 | BJ105: 0 | BK105: 0 | BL105: 0 | BM105: 0 | BN105: 0 | BO105: 0 | BP105: 0 | BQ105: 0 | BR105: 0 | BS105: 0 | BT105: 0 | BU105: 0 | BV105: 0 | BW105: 0 | BX105: 0 | BY105: 0 | BZ105: 0 | CA105: 0 | CB105: 0 | CC105: 0 | CD105: 0 | CE105: 0 | CF105: 0 | CG105: 0 | CH105: 0 | CI105: 0 | CJ105: 0 | CK105: 0 | CL105: 0 | CM105: 0 | CN105: 0 | CO105: 0 | CP105: 0 | CQ105: 0 | CR105: 0 | CS105: 0 | CT105: 0 | CU105: 0 | CV105: 0 | CW105: 0 | CX105: 0 | CY105: 0 | CZ105: 0 | DA105: 0 | DB105: 0 | DC105: 0 | DD105: 0 | DE105: 0 | DF105: 0 | DG105: 0 | DH105: 0 | DI105: 0 | DJ105: 0 | DK105: 0 | DL105: 0 | DM105: 0 | DN105: 0 | DO105: 0 | DP105: 0 | DQ105: 0 | DR105: 0 | DS105: 0 | DT105: 0 | DU105: 0 | DV105: 0 | DW105: 0 | DX105: 0 | DY105: 0 | DZ105: 0 | EA105: 0 | EB105: 0 | EC105: 0 | ED105: 0 | EE105: 0 | EF105: 0 | EG105: 0 | EH105: 0 | EI105: 0 | EJ105: 0 | EK105: 0 | EL105: 0 | EM105: 0 | EN105: 0 | EO105: 0 | EP105: 0 | EQ105: 0 | ER105: 0 | ES105: 0 | ET105: 0 | EU105: 0 | EV105: 0 | EW105: 0 | EX105: 0 | EY105: 0 | EZ105: 0 | FA105: 0 | FB105: 0 | FC105: 0 | FD105: 0 | FE105: 0 | FF105: 0 | FG105: 0 | FH105: 0 | FI105: 0 | FJ105: 0 | FK105: 0 | FL105: 0 | FM105: 0 | FN105: 0 | FO105: 0 | FP105: 0 | FQ105: 0 | FR105: 0 | FS105: 0 | FT105: 0 | FU105: 0 | FV105: 0 | FW105: 0 | FX105: 0 | FY105: 0 | FZ105: 0 | GA105: 0 | GB105: 0 | GC105: 0 | GD105: 0 | GE105: 0 | GF105: 0 | GG105: 0 | GH105: 0 | GI105: 0 | GJ105: 0 | GK105: 0 | GL105: 0 | GM105: 0 | GN105: 0 | GO105: 0 | GP105: 0 | GQ105: 0
A106: 202 | B106: BEEF BADE STEAK | C106: 2 | D106: 0 | E106: 0 | F106: 0 | G106: 0 | H106: 0 | I106: 0 | J106: 0 | K106: 0 | L106: 0 | M106: 0 | N106: 0 | O106: 0 | P106: 0 | Q106: 0 | R106: 0 | S106: 0 | T106: 0 | U106: 0 | V106: 0 | W106: 0 | X106: 0 | Y106: 0 | Z106: 0 | AA106: 0 | AB106: 0 | AC106: 0 | AD106: 0 | AE106: 0 | AF106: 0 | AG106: 0 | AH106: 0 | AI106: 0 | AJ106: 0 | AK106: 0 | AL106: 0 | AM106: 0 | AN106: 0 | AO106: 0 | AP106: 0 | AQ106: 0 | AR106: 0 | AS106: 0 | AT106: 0 | AU106: 0 | AV106: 0 | AW106: 0 | AX106: 0 | AY106: 0 | AZ106: 0 | BA106: 0 | BB106: 0 | BC106: 0 | BD106: 0 | BE106: 0 | BF106: 0 | BG106: 0 | BH106: 0 | BI106: 0 | BJ106: 0 | BK106: 0 | BL106: 0 | BM106: 0 | BN106: 0 | BO106: 0 | BP106: 0 | BQ106: 0 | BR106: 0 | BS106: 0 | BT106: 0 | BU106: 0 | BV106: 0 | BW106: 0 | BX106: 0 | BY106: 0 | BZ106: 0 | CA106: 0 | CB106: 0 | CC106: 0 | CD106: 0 | CE106: 0 | CF106: 0 | CG106: 0 | CH106: 0 | CI106: 0 | CJ106: 0 | CK106: 0 | CL106: 0 | CM106: 0 | CN106: 0 | CO106: 0 | CP106: 0 | CQ106: 0 | CR106: 0 | CS106: 0 | CT106: 0 | CU106: 0 | CV106: 0 | CW106: 0 | CX106: 0 | CY106: 0 | CZ106: 0 | DA106: 0 | DB106: 0 | DC106: 0 | DD106: 0 | DE106: 0 | DF106: 0 | DG106: 0 | DH106: 0 | DI106: 0 | DJ106: 0 | DK106: 0 | DL106: 0 | DM106: 0 | DN106: 0 | DO106: 0 | DP106: 0 | DQ106: 0 | DR106: 0 | DS106: 0 | DT106: 0 | DU106: 0 | DV106: 0 | DW106: 0 | DX106: 0 | DY106: 0 | DZ106: 0 | EA106: 0 | EB106: 0 | EC106: 0 | ED106: 0 | EE106: 0 | EF106: 0 | EG106: 0 | EH106: 0 | EI106: 0 | EJ106: 0 | EK106: 0 | EL106: 0 | EM106: 0 | EN106: 0 | EO106: 0 | EP106: 0 | EQ106: 0 | ER106: 0 | ES106: 0 | ET106: 0 | EU106: 0 | EV106: 0 | EW106: 0 | EX106: 0 | EY106: 0 | EZ106: 0 | FA106: 0 | FB106: 0 | FC106: 0 | FD106: 0 | FE106: 0 | FF106: 0 | FG106: 0 | FH106: 0 | FI106: 0 | FJ106: 0 | FK106: 0 | FL106: 0 | FM106: 0 | FN106: 0 | FO106: 0 | FP106: 0 | FQ106: 0 | FR106: 0 | FS106: 0 | FT106: 0 | FU106: 0 | FV106: 0 | FW106: 0 | FX106: 0 | FY106: 0 | FZ106: 0 | GA106: 0 | GB106: 0 | GC106: 0 | GD106: 0 | GE106: 0 | GF106: 0 | GG106: 0 | GH106: 0 | GI106: 0 | GJ106: 0 | GK106: 0 | GL106: 0 | GM106: 0 | GN106: 0 | GO106: 0 | GP106: 0 | GQ106: 0
A107: 202 | B107: BEEF BRISKET A GRADE | C107: 2 | D107: 0 | E107: 0 | F107: 0 | G107: 0 | H107: 0 | I107: 0 | J107: 0 | K107: 0 | L107: 0 | M107: 0 | N107: 0 | O107: 0 | P107: 0 | Q107: 0 | R107: 0 | S107: 0 | T107: 0 | U107: 0 | V107: 0 | W107: 0 | X107: 0 | Y107: 0 | Z107: 0 | AA107: 0 | AB107: 0 | AC107: 0 | AD107: 0 | AE107: 0 | AF107: 0 | AG107: 0 | AH107: 133.51304 | AI107: 1.396 | AJ107: 162.01739 | AK107: 1.694 | AL107: 0 | AM107: 0 | AN107: 0 | AO107: 0 | AP107: 0 | AQ107: 0 | AR107: 191.09565 | AS107: 1.998 | AT107: 55.278261 | AU107: 0.578 | AV107: 0 | AW107: 0 | AX107: 46.486957 | AY107: 0.486 | AZ107: 0 | BA107: 0 | BB107: 91.252174 | BC107: 0.954 | BD107: 0 | BE107: 0 | BF107: 0 | BG107: 0 | BH107: 0 | BI107: 0 | BJ107: 0 | BK107: 0 | BL107: 0 | BM107: 0 | BN107: 0 | BO107: 0 | BP107: 0 | BQ107: 0 | BR107: 0 | BS107: 0 | BT107: 0 | BU107: 0 | BV107: 0 | BW107: 0 | BX107: 0 | BY107: 0 | BZ107: 0 | CA107: 0 | CB107: 0 | CC107: 0 | CD107: 0 | CE107: 0 | CF107: 0 | CG107: 0 | CH107: 0 | CI107: 0 | CJ107: 0 | CK107: 0 | CL107: 0 | CM107: 0 | CN107: 0 | CO107: 0 | CP107: 0 | CQ107: 0 | CR107: 0 | CS107: 0 | CT107: 0 | CU107: 0 | CV107: 0 | CW107: 0 | CX107: 0 | CY107: 0 | CZ107: 0 | DA107: 0 | DB107: 0 | DC107: 0 | DD107: 0 | DE107: 0 | DF107: 0 | DG107: 0 | DH107: 0 | DI107: 0 | DJ107: 0 | DK107: 0 | DL107: 0 | DM107: 0 | DN107: 0 | DO107: 0 | DP107: 0 | DQ107: 0 | DR107: 0 | DS107: 0 | DT107: 0 | DU107: 0 | DV107: 0 | DW107: 0 | DX107: 0 | DY107: 0 | DZ107: 0 | EA107: 0 | EB107: 0 | EC107: 0 | ED107: 0 | EE107: 0 | EF107: 0 | EG107: 0 | EH107: 0 | EI107: 0 | EJ107: 0 | EK107: 0 | EL107: 0 | EM107: 0 | EN107: 0 | EO107: 0 | EP107: 0 | EQ107: 0 | ER107: 0 | ES107: 0 | ET107: 0 | EU107: 0 | EV107: 0 | EW107: 0 | EX107: 0 | EY107: 0 | EZ107: 0 | FA107: 0 | FB107: 0 | FC107: 0 | FD107: 0 | FE107: 0 | FF107: 0 | FG107: 0 | FH107: 0 | FI107: 0 | FJ107: 0 | FK107: 0 | FL107: 0 | FM107: 0 | FN107: 0 | FO107: 0 | FP107: 0 | FQ107: 0 | FR107: 0 | FS107: 0 | FT107: 0 | FU107: 0 | FV107: 0 | FW107: 0 | FX107: 0 | FY107: 0 | FZ107: 0 | GA107: 0 | GB107: 0 | GC107: 0 | GD107: 0 | GE107: 0 | GF107: 0 | GG107: 0 | GH107: 0 | GI107: 0 | GJ107: 0 | GK107: 0 | GL107: 0 | GM107: 0 | GN107: 0 | GO107: 0 | GP107: 0 | GQ107: 0
A108: 202 | B108: BEEF CHUCK A GRADE | C108: 2 | D108: 162.13913 | E108: 1.554 | F108: 66.356522 | G108: 0.636 | H108: 63.852174 | I108: 0.612 | J108: 179.66957 | K108: 1.722 | L108: 224.73913 | M108: 2.154 | N108: 138.97391 | O108: 1.332 | P108: 0 | Q108: 0 | R108: 86.6 | S108: 0.83 | T108: 0 | U108: 0 | V108: 0 | W108: 0 | X108: 0 | Y108: 0 | Z108: 0 | AA108: 0 | AB108: 0 | AC108: 0 | AD108: 0 | AE108: 0 | AF108: 0 | AG108: 0 | AH108: 0 | AI108: 0 | AJ108: 0 | AK108: 0 | AL108: 0 | AM108: 0 | AN108: 0 | AO108: 0 | AP108: 0 | AQ108: 0 | AR108: 0 | AS108: 0 | AT108: 0 | AU108: 0 | AV108: 0 | AW108: 0 | AX108: 347.86087 | AY108: 3.334 | AZ108: 477.01739 | BA108: 6.096 | BB108: 0 | BC108: 0 | BD108: 759.2 | BE108: 9.702 | BF108: 95.93913 | BG108: 1.226 | BH108: 0 | BI108: 0 | BJ108: 130.63478 | BK108: 1.252 | BL108: 0 | BM108: 0 | BN108: 360.6 | BO108: 3.456 | BP108: 298.61739 | BQ108: 2.862 | BR108: 196.15652 | BS108: 1.88 | BT108: 0 | BU108: 0 | BV108: 0 | BW108: 0 | BX108: 0 | BY108: 0 | BZ108: 0 | CA108: 0 | CB108: 0 | CC108: 0 | CD108: 0 | CE108: 0 | CF108: 0 | CG108: 0 | CH108: 0 | CI108: 0 | CJ108: 0 | CK108: 0 | CL108: 0 | CM108: 0 | CN108: 0 | CO108: 0 | CP108: 0 | CQ108: 0 | CR108: 0 | CS108: 0 | CT108: 0 | CU108: 0 | CV108: 0 | CW108: 0 | CX108: 0 | CY108: 0 | CZ108: 0 | DA108: 0 | DB108: 0 | DC108: 0 | DD108: 0 | DE108: 0 | DF108: 0 | DG108: 0 | DH108: 0 | DI108: 0 | DJ108: 0 | DK108: 0 | DL108: 0 | DM108: 0 | DN108: 0 | DO108: 0 | DP108: 0 | DQ108: 0 | DR108: 0 | DS108: 0 | DT108: 0 | DU108: 0 | DV108: 0 | DW108: 0 | DX108: 0 | DY108: 0 | DZ108: 0 | EA108: 0 | EB108: 0 | EC108: 0 | ED108: 0 | EE108: 0 | EF108: 0 | EG108: 0 | EH108: 0 | EI108: 0 | EJ108: 0 | EK108: 0 | EL108: 0 | EM108: 0 | EN108: 0 | EO108: 0 | EP108: 0 | EQ108: 0 | ER108: 0 | ES108: 0 | ET108: 0 | EU108: 0 | EV108: 0 | EW108: 0 | EX108: 0 | EY108: 0 | EZ108: 0 | FA108: 0 | FB108: 0 | FC108: 0 | FD108: 0 | FE108: 0 | FF108: 0 | FG108: 0 | FH108: 0 | FI108: 0 | FJ108: 0 | FK108: 0 | FL108: 0 | FM108: 0 | FN108: 0 | FO108: 0 | FP108: 0 | FQ108: 0 | FR108: 0 | FS108: 0 | FT108: 0 | FU108: 0 | FV108: 0 | FW108: 0 | FX108: 0 | FY108: 0 | FZ108: 0 | GA108: 0 | GB108: 0 | GC108: 0 | GD108: 0 | GE108: 0 | GF108: 0 | GG108: 0 | GH108: 0 | GI108: 0 | GJ108: 0 | GK108: 0 | GL108: 0 | GM108: 0 | GN108: 0 | GO108: 0 | GP108: 0 | GQ108: 0
A109: 202 | B109: BEEF CLUB STEAK V/P | C109: 2 | D109: 0 | E109: 0 | F109: 0 | G109: 0 | H109: 0 | I109: 0 | J109: 0 | K109: 0 | L109: 0 | M109: 0 | N109: 0 | O109: 0 | P109: 0 | Q109: 0 | R109: 0 | S109: 0 | T109: 0 | U109: 0 | V109: 0 | W109: 0 | X109: 0 | Y109: 0 | Z109: 0 | AA109: 0 | AB109: 0 | AC109: 0 | AD109: 0 | AE109: 0 | AF109: 0 | AG109: 0 | AH109: 0 | AI109: 0 | AJ109: 0 | AK109: 0 | AL109: 0 | AM109: 0 | AN109: 0 | AO109: 0 | AP109: 0 | AQ109: 0 | AR109: 0 | AS109: 0 | AT109: 0 | AU109: 0 | AV109: 0 | AW109: 0 | AX109: 0 | AY109: 0 | AZ109: 0 | BA109: 0 | BB109: 0 | BC109: 0 | BD109: 0 | BE109: 0 | BF109: 0 | BG109: 0 | BH109: 0 | BI109: 0 | BJ109: 0 | BK109: 0 | BL109: 0 | BM109: 0 | BN109: 0 | BO109: 0 | BP109: 0 | BQ109: 0 | BR109: 0 | BS109: 0 | BT109: 0 | BU109: 0 | BV109: 0 | BW109: 0 | BX109: 0 | BY109: 0 | BZ109: 0 | CA109: 0 | CB109: 0 | CC109: 0 | CD109: 0 | CE109: 0 | CF109: 0 | CG109: 0 | CH109: 0 | CI109: 0 | CJ109: 0 | CK109: 0 | CL109: 0 | CM109: 0 | CN109: 0 | CO109: 0 | CP109: 0 | CQ109: 0 | CR109: 0 | CS109: 0 | CT109: 0 | CU109: 0 | CV109: 0 | CW109: 0 | CX109: 0 | CY109: 0 | CZ109: 0 | DA109: 0 | DB109: 0 | DC109: 0 | DD109: 0 | DE109: 0 | DF109: 0 | DG109: 0 | DH109: 0 | DI109: 0 | DJ109: 0 | DK109: 0 | DL109: 0 | DM109: 0 | DN109: 0 | DO109: 0 | DP109: 0 | DQ109: 0 | DR109: 0 | DS109: 0 | DT109: 0 | DU109: 0 | DV109: 0 | DW109: 0 | DX109: 0 | DY109: 0 | DZ109: 0 | EA109: 0 | EB109: 0 | EC109: 0 | ED109: 0 | EE109: 0 | EF109: 0 | EG109: 0 | EH109: 0 | EI109: 0 | EJ109: 0 | EK109: 0 | EL109: 0 | EM109: 0 | EN109: 0 | EO109: 0 | EP109: 0 | EQ109: 0 | ER109: 0 | ES109: 0 | ET109: 0 | EU109: 0 | EV109: 0 | EW109: 0 | EX109: 0 | EY109: 0 | EZ109: 0 | FA109: 0 | FB109: 0 | FC109: 0 | FD109: 0 | FE109: 0 | FF109: 0 | FG109: 0 | FH109: 0 | FI109: 0 | FJ109: 0 | FK109: 0 | FL109: 0 | FM109: 0 | FN109: 0 | FO109: 0 | FP109: 0 | FQ109: 0 | FR109: 0 | FS109: 0 | FT109: 0 | FU109: 0 | FV109: 0 | FW109: 0 | FX109: 0 | FY109: 0 | FZ109: 0 | GA109: 0 | GB109: 0 | GC109: 0 | GD109: 0 | GE109: 0 | GF109: 0 | GG109: 0 | GH109: 0 | GI109: 0 | GJ109: 0 | GK109: 0 | GL109: 0 | GM109: 0 | GN109: 0 | GO109: 0 | GP109: 0 | GQ109: 0
A110: 202 | B110: BEEF FILLET | C110: 2 | D110: 199.12174 | E110: 0.916 | F110: 0 | G110: 0 | H110: 0 | I110: 0 | J110: 0 | K110: 0 | L110: 0 | M110: 0 | N110: 522.5913 | O110: 2.404 | P110: 0 | Q110: 0 | R110: 450.41739 | S110: 2.072 | T110: 610.4 | U110: 2.808 | V110: 0 | W110: 0 | X110: 151.29565 | Y110: 0.696 | Z110: 311.72174 | AA110: 1.434 | AB110: 96.956522 | AC110: 0.446 | AD110: 0 | AE110: 0 | AF110: 0 | AG110: 0 | AH110: 0 | AI110: 0 | AJ110: 150.42609 | AK110: 0.692 | AL110: 0 | AM110: 0 | AN110: 0 | AO110: 0 | AP110: 154.77391 | AQ110: 0.712 | AR110: 0 | AS110: 0 | AT110: 0 | AU110: 0 | AV110: 0 | AW110: 0 | AX110: 0 | AY110: 0 | AZ110: 0 | BA110: 0 | BB110: 591.70435 | BC110: 2.722 | BD110: 199.12174 | BE110: 0.916 | BF110: 160.42609 | BG110: 0.738 | BH110: 0 | BI110: 0 | BJ110: 0 | BK110: 0 | BL110: 178.84348 | BM110: 0.866 | BN110: 0 | BO110: 0 | BP110: 0 | BQ110: 0 | BR110: 138.25217 | BS110: 0.636 | BT110: 0 | BU110: 0 | BV110: 0 | BW110: 0 | BX110: 0 | BY110: 0 | BZ110: 516.93043 | CA110: 2.378 | CB110: 728.66087 | CC110: 3.352 | CD110: 134.33913 | CE110: 0.618 | CF110: 0 | CG110: 0 | CH110: 98.695652 | CI110: 0.454 | CJ110: 0 | CK110: 0 | CL110: 0 | CM110: 0 | CN110: 0 | CO110: 0 | CP110: 0 | CQ110: 0 | CR110: 199.9913 | CS110: 0.92 | CT110: 0 | CU110: 0 | CV110: 616.06087 | CW110: 2.834 | CX110: 0 | CY110: 0 | CZ110: 0 | DA110: 0 | DB110: 0 | DC110: 0 | DD110: 239.98261 | DE110: 1.104 | DF110: 397.8087 | DG110: 1.83 | DH110: 275.2 | DI110: 1.266 | DJ110: 0 | DK110: 0 | DL110: 0 | DM110: 0 | DN110: 0 | DO110: 0 | DP110: 170.86087 | DQ110: 0.786 | DR110: 181.29565 | DS110: 0.834 | DT110: 334.76522 | DU110: 1.54 | DV110: 155.64348 | DW110: 0.716 | DX110: 0 | DY110: 0 | DZ110: 0 | EA110: 0 | EB110: 0 | EC110: 0 | ED110: 0 | EE110: 0 | EF110: 0 | EG110: 0 | EH110: 0 | EI110: 0 | EJ110: 0 | EK110: 0 | EL110: 0 | EM110: 0 | EN110: 0 | EO110: 0 | EP110: 0 | EQ110: 0 | ER110: 0 | ES110: 0 | ET110: 0 | EU110: 0 | EV110: 0 | EW110: 0 | EX110: 0 | EY110: 0 | EZ110: 0 | FA110: 0 | FB110: 0 | FC110: 0 | FD110: 0 | FE110: 0 | FF110: 0 | FG110: 0 | FH110: 0 | FI110: 0 | FJ110: 0 | FK110: 0 | FL110: 123.46957 | FM110: 0.568 | FN110: 0 | FO110: 0 | FP110: 0 | FQ110: 0 | FR110: 0 | FS110: 0 | FT110: 0 | FU110: 0 | FV110: 0 | FW110: 0 | FX110: 0 | FY110: 0 | FZ110: 211.29565 | GA110: 0.972 | GB110: 0 | GC110: 0 | GD110: 0 | GE110: 0 | GF110: 0 | GG110: 0 | GH110: 0 | GI110: 0 | GJ110: 0 | GK110: 0 | GL110: 0 | GM110: 0 | GN110: 0 | GO110: 0 | GP110: 0 | GQ110: 0
... A147: 216 | B147: BULK KALAHARI BOEREWORS | C147: 2 | D147: 0 | E147: 0 | F147: 0 | G147: 0 | H147: 0 | I147: 0 | J147: 0 | K147: 0 | L147: 0 | M147: 0 | N147: 0 | O147: 0 | P147: 0 | Q147: 0 | R147: 0 | S147: 0 | T147: 0 | U147: 0 | V147: 0 | W147: 0 | X147: 0 | Y147: 0 | Z147: 0 | AA147: 0 | AB147: 0 | AC147: 0 | AD147: 0 | AE147: 0 | AF147: 0 | AG147: 0 | AH147: 0 | AI147: 0 | AJ147: 0 | AK147: 0 | AL147: 0 | AM147: 0 | AN147: 0 | AO147: 0 | AP147: 0 | AQ147: 0 | AR147: 0 | AS147: 0 | AT147: 0 | AU147: 0 | AV147: 0 | AW147: 0 | AX147: 0 | AY147: 0 | AZ147: 0 | BA147: 0 | BB147: 0 | BC147: 0 | BD147: 0 | BE147: 0 | BF147: 0 | BG147: 0 | BH147: 0 | BI147: 0 | BJ147: 0 | BK147: 0 | BL147: 0 | BM147: 0 | BN147: 0 | BO147: 0 | BP147: 0 | BQ147: 0 | BR147: 0 | BS147: 0 | BT147: 0 | BU147: 0 | BV147: 0 | BW147: 0 | BX147: 0 | BY147: 0 | BZ147: 0 | CA147: 0 | CB147: 0 | CC147: 0 | CD147: 0 | CE147: 0 | CF147: 0 | CG147: 0 | CH147: 0 | CI147: 0 | CJ147: 0 | CK147: 0 | CL147: 0 | CM147: 0 | CN147: 0 | CO147: 0 | CP147: 0 | CQ147: 0 | CR147: 0 | CS147: 0 | CT147: 0 | CU147: 0 | CV147: 0 | CW147: 0 | CX147: 0 | CY147: 0 | CZ147: 0 | DA147: 0 | DB147: 0 | DC147: 0 | DD147: 0 | DE147: 0 | DF147: 0 | DG147: 0 | DH147: 0 | DI147: 0 | DJ147: 0 | DK147: 0 | DL147: 0 | DM147: 0 | DN147: 0 | DO147: 0 | DP147: 0 | DQ147: 0 | DR147: 0 | DS147: 0 | DT147: 0 | DU147: 0 | DV147: 0 | DW147: 0 | DX147: 0 | DY147: 0 | DZ147: 0 | EA147: 0 | EB147: 0 | EC147: 0 | ED147: 0 | EE147: 0 | EF147: 0 | EG147: 0 | EH147: 0 | EI147: 0 | EJ147: 0 | EK147: 0 | EL147: 0 | EM147: 0 | EN147: 0 | EO147: 0 | EP147: 0 | EQ147: 0 | ER147: 0 | ES147: 0 | ET147: 0 | EU147: 0 | EV147: 0 | EW147: 0 | EX147: 0 | EY147: 0 | EZ147: 0 | FA147: 0 | FB147: 0 | FC147: 0 | FD147: 0 | FE147: 0 | FF147: 0 | FG147: 0 | FH147: 0 | FI147: 0 | FJ147: 0 | FK147: 0 | FL147: 0 | FM147: 0 | FN147: 0 | FO147: 0 | FP147: 0 | FQ147: 0 | FR147: 0 | FS147: 0 | FT147: 0 | FU147: 0 | FV147: 0 | FW147: 0 | FX147: 0 | FY147: 0 | FZ147: 0 | GA147: 0 | GB147: 0 | GC147: 0 | GD147: 0 | GE147: 0 | GF147: 0 | GG147: 0 | GH147: 0 | GI147: 0 | GJ147: 0 | GK147: 0 | GL147: 0 | GM147: 0 | GN147: 0 | GO147: 0 | GP147: 0 | GQ147: 0
A148: 205 | B148: 1 | C148: 2 | D148: 0 | E148: 0 | F148: 0 | G148: 0 | H148: 0 | I148: 0 | J148: 0 | K148: 0 | L148: 1023.7478 | M148: 8.41 | N148: 296.53913 | O148: 2.436 | P148: 0 | Q148: 0 | R148: 0 | S148: 0 | T148: 0 | U148: 0 | V148: 0 | W148: 0 | X148: 0 | Y148: 0 | Z148: 443.33913 | AA148: 3.642 | AB148: 393.67826 | AC148: 3.234 | AD148: 0 | AE148: 0 | AF148: 0 | AG148: 0 | AH148: 0 | AI148: 0 | AJ148: 0 | AK148: 0 | AL148: 0 | AM148: 0 | AN148: 0 | AO148: 0 | AP148: 0 | AQ148: 0 | AR148: 0 | AS148: 0 | AT148: 0 | AU148: 0 | AV148: 0 | AW148: 0 | AX148: 0 | AY148: 0 | AZ148: 0 | BA148: 0 | BB148: 0 | BC148: 0 | BD148: 0 | BE148: 0 | BF148: 0 | BG148: 0 | BH148: 0 | BI148: 0 | BJ148: 0 | BK148: 0 | BL148: 0 | BM148: 0 | BN148: 0 | BO148: 0 | BP148: 0 | BQ148: 0 | BR148: 0 | BS148: 0 | BT148: 0 | BU148: 0 | BV148: 0 | BW148: 0 | BX148: 0 | BY148: 0 | BZ148: 0 | CA148: 0 | CB148: 0 | CC148: 0 | CD148: 0 | CE148: 0 | CF148: 0 | CG148: 0 | CH148: 0 | CI148: 0 | CJ148: 0 | CK148: 0 | CL148: 0 | CM148: 0 | CN148: 0 | CO148: 0 | CP148: 0 | CQ148: 0 | CR148: 0 | CS148: 0 | CT148: 0 | CU148: 0 | CV148: 0 | CW148: 0 | CX148: 0 | CY148: 0 | CZ148: 0 | DA148: 0 | DB148: 0 | DC148: 0 | DD148: 0 | DE148: 0 | DF148: 0 | DG148: 0 | DH148: 0 | DI148: 0 | DJ148: 0 | DK148: 0 | DL148: 0 | DM148: 0 | DN148: 0 | DO148: 0 | DP148: 0 | DQ148: 0 | DR148: 0 | DS148: 0 | DT148: 0 | DU148: 0 | DV148: 0 | DW148: 0 | DX148: 0 | DY148: 0 | DZ148: 0 | EA148: 0 | EB148: 0 | EC148: 0 | ED148: 0 | EE148: 0 | EF148: 0 | EG148: 0 | EH148: 0 | EI148: 0 | EJ148: 0 | EK148: 0 | EL148: 0 | EM148: 0 | EN148: 0 | EO148: 0 | EP148: 0 | EQ148: 0 | ER148: 0 | ES148: 0 | ET148: 0 | EU148: 0 | EV148: 0 | EW148: 0 | EX148: 0 | EY148: 0 | EZ148: 0 | FA148: 0 | FB148: 0 | FC148: 0 | FD148: 0 | FE148: 0 | FF148: 0 | FG148: 0 | FH148: 0 | FI148: 0 | FJ148: 0 | FK148: 0 | FL148: 0 | FM148: 0 | FN148: 0 | FO148: 0 | FP148: 0 | FQ148: 0 | FR148: 0 | FS148: 0 | FT148: 0 | FU148: 0 | FV148: 0 | FW148: 0 | FX148: 0 | FY148: 0 | FZ148: 0 | GA148: 0 | GB148: 0 | GC148: 0 | GD148: 0 | GE148: 0 | GF148: 0 | GG148: 0 | GH148: 0 | GI148: 0 | GJ148: 0 | GK148: 0 | GL148: 0 | GM148: 0 | GN148: 0 | GO148: 0 | GP148: 0 | GQ148: 0
A149: 207 | B149: BULK PORK BRAAI CHOPS | C149: 2 | D149: 0 | E149: 0 | F149: 0 | G149: 0 | H149: 0 | I149: 0 | J149: 0 | K149: 0 | L149: 0 | M149: 0 | N149: 0 | O149: 0 | P149: 0 | Q149: 0 | R149: 0 | S149: 0 | T149: 0 | U149: 0 | V149: 0 | W149: 0 | X149: 0 | Y149: 0 | Z149: 0 | AA149: 0 | AB149: 0 | AC149: 0 | AD149: 0 | AE149: 0 | AF149: 0 | AG149: 0 | AH149: 0 | AI149: 0 | AJ149: 0 | AK149: 0 | AL149: 0 | AM149: 0 | AN149: 0 | AO149: 0 | AP149: 0 | AQ149: 0 | AR149: 0 | AS149: 0 | AT149: 0 | AU149: 0 | AV149: 0 | AW149: 0 | AX149: 0 | AY149: 0 | AZ149: 0 | BA149: 0 | BB149: 0 | BC149: 0 | BD149: 0 | BE149: 0 | BF149: 0 | BG149: 0 | BH149: 0 | BI149: 0 | BJ149: 0 | BK149: 0 | BL149: 0 | BM149: 0 | BN149: 0 | BO149: 0 | BP149: 0 | BQ149: 0 | BR149: 0 | BS149: 0 | BT149: 0 | BU149: 0 | BV149: 0 | BW149: 0 | BX149: 0 | BY149: 0 | BZ149: 0 | CA149: 0 | CB149: 0 | CC149: 0 | CD149: 0 | CE149: 0 | CF149: 0 | CG149: 0 | CH149: 0 | CI149: 0 | CJ149: 0 | CK149: 0 | CL149: 0 | CM149: 0 | CN149: 0 | CO149: 0 | CP149: 0 | CQ149: 0 | CR149: 0 | CS149: 0 | CT149: 0 | CU149: 0 | CV149: 0 | CW149: 0 | CX149: 0 | CY149: 0 | CZ149: 0 | DA149: 0 | DB149: 0 | DC149: 0 | DD149: 0 | DE149: 0 | DF149: 0 | DG149: 0 | DH149: 0 | DI149: 0 | DJ149: 0 | DK149: 0 | DL149: 0 | DM149: 0 | DN149: 0 | DO149: 0 | DP149: 0 | DQ149: 0 | DR149: 0 | DS149: 0 | DT149: 0 | DU149: 0 | DV149: 0 | DW149: 0 | DX149: 0 | DY149: 0 | DZ149: 0 | EA149: 0 | EB149: 0 | EC149: 0 | ED149: 0 | EE149: 0 | EF149: 0 | EG149: 0 | EH149: 0 | EI149: 0 | EJ149: 0 | EK149: 0 | EL149: 0 | EM149: 0 | EN149: 0 | EO149: 0 | EP149: 0 | EQ149: 0 | ER149: 0 | ES149: 0 | ET149: 0 | EU149: 0 | EV149: 0 | EW149: 0 | EX149: 0 | EY149: 0 | EZ149: 0 | FA149: 0 | FB149: 0 | FC149: 0 | FD149: 0 | FE149: 0 | FF149: 0 | FG149: 0 | FH149: 0 | FI149: 0 | FJ149: 0 | FK149: 0 | FL149: 0 | FM149: 0 | FN149: 0 | FO149: 0 | FP149: 0 | FQ149: 0 | FR149: 0 | FS149: 0 | FT149: 0 | FU149: 0 | FV149: 0 | FW149: 0 | FX149: 0 | FY149: 0 | FZ149: 0 | GA149: 0 | GB149: 0 | GC149: 0 | GD149: 0 | GE149: 0 | GF149: 0 | GG149: 0 | GH149: 0 | GI149: 0 | GJ149: 0 | GK149: 0 | GL149: 0 | GM149: 0 | GN149: 0 | GO149: 0 | GP149: 0 | GQ149: 0
A150: 207 | B150: BULK PORK LOIN CHOPS | C150: 2 | D150: 0 | E150: 0 | F150: 0 | G150: 0 | H150: 0 | I150: 0 | J150: 0 | K150: 0 | L150: 0 | M150: 0 | N150: 0 | O150: 0 | P150: 0 | Q150: 0 | R150: 0 | S150: 0 | T150: 0 | U150: 0 | V150: 0 | W150: 0 | X150: 0 | Y150: 0 | Z150: 0 | AA150: 0 | AB150: 0 | AC150: 0 | AD150: 0 | AE150: 0 | AF150: 0 | AG150: 0 | AH150: 0 | AI150: 0 | AJ150: 0 | AK150: 0 | AL150: 0 | AM150: 0 | AN150: 0 | AO150: 0 | AP150: 0 | AQ150: 0 | AR150: 0 | AS150: 0 | AT150: 0 | AU150: 0 | AV150: 0 | AW150: 0 | AX150: 0 | AY150: 0 | AZ150: 0 | BA150: 0 | BB150: 0 | BC150: 0 | BD150: 0 | BE150: 0 | BF150: 0 | BG150: 0 | BH150: 0 | BI150: 0 | BJ150: 0 | BK150: 0 | BL150: 0 | BM150: 0 | BN150: 0 | BO150: 0 | BP150: 0 | BQ150: 0 | BR150: 0 | BS150: 0 | BT150: 0 | BU150: 0 | BV150: 0 | BW150: 0 | BX150: 0 | BY150: 0 | BZ150: 0 | CA150: 0 | CB150: 0 | CC150: 0 | CD150: 0 | CE150: 0 | CF150: 0 | CG150: 0 | CH150: 0 | CI150: 0 | CJ150: 0 | CK150: 0 | CL150: 0 | CM150: 0 | CN150: 0 | CO150: 0 | CP150: 0 | CQ150: 0 | CR150: 0 | CS150: 0 | CT150: 0 | CU150: 0 | CV150: 0 | CW150: 0 | CX150: 0 | CY150: 0 | CZ150: 0 | DA150: 0 | DB150: 0 | DC150: 0 | DD150: 0 | DE150: 0 | DF150: 0 | DG150: 0 | DH150: 0 | DI150: 0 | DJ150: 0 | DK150: 0 | DL150: 0 | DM150: 0 | DN150: 0 | DO150: 0 | DP150: 0 | DQ150: 0 | DR150: 0 | DS150: 0 | DT150: 0 | DU150: 0 | DV150: 0 | DW150: 0 | DX150: 0 | DY150: 0 | DZ150: 0 | EA150: 0 | EB150: 0 | EC150: 0 | ED150: 0 | EE150: 0 | EF150: 0 | EG150: 0 | EH150: 0 | EI150: 0 | EJ150: 0 | EK150: 0 | EL150: 0 | EM150: 0 | EN150: 0 | EO150: 0 | EP150: 0 | EQ150: 0 | ER150: 0 | ES150: 0 | ET150: 0 | EU150: 0 | EV150: 0 | EW150: 0 | EX150: 0 | EY150: 0 | EZ150: 0 | FA150: 0 | FB150: 0 | FC150: 0 | FD150: 0 | FE150: 0 | FF150: 0 | FG150: 0 | FH150: 0 | FI150: 0 | FJ150: 0 | FK150: 0 | FL150: 0 | FM150: 0 | FN150: 0 | FO150: 0 | FP150: 0 | FQ150: 0 | FR150: 0 | FS150: 0 | FT150: 0 | FU150: 0 | FV150: 0 | FW150: 0 | FX150: 0 | FY150: 0 | FZ150: 0 | GA150: 0 | GB150: 0 | GC150: 0 | GD150: 0 | GE150: 0 | GF150: 0 | GG150: 0 | GH150: 0 | GI150: 0 | GJ150: 0 | GK150: 0 | GL150: 0 | GM150: 0 | GN150: 0 | GO150: 0 | GP150: 0 | GQ150: 0
A151: 202 | B151: BULK RUMP MATURED | C151: 2 | D151: 244.56522 | E151: 1.25 | F151: 0 | G151: 0 | H151: 0 | I151: 0 | J151: 515.33043 | K151: 2.634 | L151: 285.64348 | M151: 1.46 | N151: 0 | O151: 0 | P151: 329.06957 | Q151: 1.682 | R151: 0 | S151: 0 | T151: 0 | U151: 0 | V151: 168.01739 | W151: 1.356 | X151: 187.81739 | Y151: 1.44 | Z151: 1230.4435 | AA151: 9.434 | AB151: 329.2 | AC151: 2.524 | AD151: 453.09565 | AE151: 3.474 | AF151: 0 | AG151: 0 | AH151: 0 | AI151: 0 | AJ151: 202.15652 | AK151: 1.55 | AL151: 0 | AM151: 0 | AN151: 440.57391 | AO151: 3.378 | AP151: 0 | AQ151: 0 | AR151: 0 | AS151: 0 | AT151: 0 | AU151: 0 | AV151: 0 | AW151: 0 | AX151: 711.03478 | AY151: 5.592 | AZ151: 449.18261 | BA151: 3.444 | BB151: 233.72174 | BC151: 1.792 | BD151: 421.7913 | BE151: 3.234 | BF151: 0 | BG151: 0 | BH151: 0 | BI151: 0 | BJ151: 0 | BK151: 0 | BL151: 205.67826 | BM151: 1.66 | BN151: 818.02609 | BO151: 6.272 | BP151: 748.38261 | BQ151: 5.738 | BR151: 0 | BS151: 0 | BT151: 0 | BU151: 0 | BV151: 250.97391 | BW151: 1.804 | BX151: 267.11304 | BY151: 1.92 | BZ151: 228.15652 | CA151: 1.64 | CB151: 0 | CC151: 0 | CD151: 737.89565 | CE151: 5.304 | CF151: 0 | CG151: 0 | CH151: 0 | CI151: 0 | CJ151: 0 | CK151: 0 | CL151: 216.1913 | CM151: 1.554 | CN151: 0 | CO151: 0 | CP151: 0 | CQ151: 0 | CR151: 653.58261 | CS151: 3.417 | CT151: 467.73043 | CU151: 2.445 | CV151: 0 | CW151: 0 | CX151: 0 | CY151: 0 | CZ151: 0 | DA151: 0 | DB151: 0 | DC151: 0 | DD151: 0 | DE151: 0 | DF151: 0 | DG151: 0 | DH151: 0 | DI151: 0 | DJ151: 502.5913 | DK151: 2.89 | DL151: 0 | DM151: 0 | DN151: 461.54783 | DO151: 2.654 | DP151: 0 | DQ151: 0 | DR151: 0 | DS151: 0 | DT151: 531.45217 | DU151: 3.056 | DV151: 0 | DW151: 0 | DX151: 0 | DY151: 0 | DZ151: 0 | EA151: 0 | EB151: 0 | EC151: 0 | ED151: 271.26957 | EE151: 1.493 | EF151: 481.37391 | EG151: 2.516 | EH151: 0 | EI151: 0 | EJ151: 0 | EK151: 0 | EL151: 256.68696 | EM151: 1.342 | EN151: 0 | EO151: 0 | EP151: 0 | EQ151: 0 | ER151: 331.11304 | ES151: 1.731 | ET151: 0 | EU151: 0 | EV151: 0 | EW151: 0 | EX151: 271.28696 | EY151: 1.418 | EZ151: 0 | FA151: 0 | FB151: 0 | FC151: 0 | FD151: 0 | FE151: 0 | FF151: 0 | FG151: 0 | FH151: 0 | FI151: 0 | FJ151: 0 | FK151: 0 | FL151: 0 | FM151: 0 | FN151: 0 | FO151: 0 | FP151: 0 | FQ151: 0 | FR151: 0 | FS151: 0 | FT151: 779.44348 | FU151: 5.7 | FV151: 221.75652 | FW151: 1.594 | FX151: 393.72174 | FY151: 2.83 | FZ151: 1228.4348 | GA151: 8.83 | GB151: 0 | GC151: 0 | GD151: 0 | GE151: 0 | GF151: 0 | GG151: 0 | GH151: 0 | GI151: 0 | GJ151: 0 | GK151: 0 | GL151: 0 | GM151: 0 | GN151: 0 | GO151: 0 | GP151: 0 | GQ151: 0
A152: 202 | B152: BULK SIRLOIN MATURED | C152: 2 | D152: 0 | E152: 0 | F152: 0 | G152: 0 | H152: 0 | I152: 0 | J152: 0 | K152: 0 | L152: 0 | M152: 0 | N152: 0 | O152: 0 | P152: 0 | Q152: 0 | R152: 0 | S152: 0 | T152: 0 | U152: 0 | V152: 0 | W152: 0 | X152: 0 | Y152: 0 | Z152: 0 | AA152: 0 | AB152: 0 | AC152: 0 | AD152: 0 | AE152: 0 | AF152: 0 | AG152: 0 | AH152: 0 | AI152: 0 | AJ152: 0 | AK152: 0 | AL152: 0 | AM152: 0 | AN152: 0 | AO152: 0 | AP152: 0 | AQ152: 0 | AR152: 0 | AS152: 0 | AT152: 0 | AU152: 0 | AV152: 0 | AW152: 0 | AX152: 0 | AY152: 0 | AZ152: 0 | BA152: 0 | BB152: 0 | BC152: 0 | BD152: 0 | BE152: 0 | BF152: 0 | BG152: 0 | BH152: 0 | BI152: 0 | BJ152: 0 | BK152: 0 | BL152: 0 | BM152: 0 | BN152: 0 | BO152: 0 | BP152: 0 | BQ152: 0 | BR152: 0 | BS152: 0 | BT152: 0 | BU152: 0 | BV152: 0 | BW152: 0 | BX152: 0 | BY152: 0 | BZ152: 0 | CA152: 0 | CB152: 0 | CC152: 0 | CD152: 0 | CE152: 0 | CF152: 0 | CG152: 0 | CH152: 0 | CI152: 0 | CJ152: 0 | CK152: 0 | CL152: 0 | CM152: 0 | CN152: 0 | CO152: 0 | CP152: 0 | CQ152: 0 | CR152: 0 | CS152: 0 | CT152: 0 | CU152: 0 | CV152: 0 | CW152: 0 | CX152: 0 | CY152: 0 | CZ152: 0 | DA152: 0 | DB152: 0 | DC152: 0 | DD152: 0 | DE152: 0 | DF152: 0 | DG152: 0 | DH152: 0 | DI152: 0 | DJ152: 0 | DK152: 0 | DL152: 0 | DM152: 0 | DN152: 0 | DO152: 0 | DP152: 0 | DQ152: 0 | DR152: 0 | DS152: 0 | DT152: 0 | DU152: 0 | DV152: 0 | DW152: 0 | DX152: 0 | DY152: 0 | DZ152: 0 | EA152: 0 | EB152: 0 | EC152: 0 | ED152: 0 | EE152: 0 | EF152: 0 | EG152: 0 | EH152: 0 | EI152: 0 | EJ152: 0 | EK152: 0 | EL152: 0 | EM152: 0 | EN152: 0 | EO152: 0 | EP152: 0 | EQ152: 0 | ER152: 0 | ES152: 0 | ET152: 0 | EU152: 0 | EV152: 0 | EW152: 0 | EX152: 0 | EY152: 0 | EZ152: 0 | FA152: 0 | FB152: 0 | FC152: 0 | FD152: 0 | FE152: 0 | FF152: 0 | FG152: 0 | FH152: 0 | FI152: 0 | FJ152: 0 | FK152: 0 | FL152: 0 | FM152: 0 | FN152: 0 | FO152: 0 | FP152: 0 | FQ152: 0 | FR152: 0 | FS152: 0 | FT152: 0 | FU152: 0 | FV152: 0 | FW152: 0 | FX152: 0 | FY152: 0 | FZ152: 0 | GA152: 0 | GB152: 0 | GC152: 0 | GD152: 0 | GE152: 0 | GF152: 0 | GG152: 0 | GH152: 0 | GI152: 0 | GJ152: 0 | GK152: 0 | GL152: 0 | GM152: 0 | GN152: 0 | GO152: 0 | GP152: 0 | GQ152: 0
A153: 202 | B153: BULK STEWING BEEF | C153: 2 | D153: 0 | E153: 0 | F153: 0 | G153: 0 | H153: 0 | I153: 0 | J153: 0 | K153: 0 | L153: 65.556522 | M153: 0.58 | N153: 0 | O153: 0 | P153: 0 | Q153: 0 | R153: 0 | S153: 0 | T153: 83.191304 | U153: 0.736 | V153: 0 | W153: 0 | X153: 504.8 | Y153: 4.466 | Z153: 169.09565 | AA153: 1.496 | AB153: 203.93043 | AC153: 1.804 | AD153: 54.713043 | AE153: 0.484 | AF153: 226.06957 | AG153: 2 | AH153: 0 | AI153: 0 | AJ153: 0 | AK153: 0 | AL153: 0 | AM153: 0 | AN153: 0 | AO153: 0 | AP153: 0 | AQ153: 0 | AR153: 0 | AS153: 0 | AT153: 0 | AU153: 0 | AV153: 0 | AW153: 0 | AX153: 0 | AY153: 0 | AZ153: 0 | BA153: 0 | BB153: 0 | BC153: 0 | BD153: 0 | BE153: 0 | BF153: 0 | BG153: 0 | BH153: 0 | BI153: 0 | BJ153: 0 | BK153: 0 | BL153: 0 | BM153: 0 | BN153: 0 | BO153: 0 | BP153: 122.97391 | BQ153: 1.088 | BR153: 113.93913 | BS153: 1.008 | BT153: 133.6 | BU153: 1.182 | BV153: 0 | BW153: 0 | BX153: 0 | BY153: 0 | BZ153: 0 | CA153: 0 | CB153: 53.356522 | CC153: 0.472 | CD153: 233.98261 | CE153: 2.07 | CF153: 219.51304 | CG153: 1.942 | CH153: 171.13043 | CI153: 1.514 | CJ153: 115.74783 | CK153: 1.024 | CL153: 0 | CM153: 0 | CN153: 0 | CO153: 0 | CP153: 0 | CQ153: 0 | CR153: 0 | CS153: 0 | CT153: 0 | CU153: 0 | CV153: 0 | CW153: 0 | CX153: 0 | CY153: 0 | CZ153: 0 | DA153: 0 | DB153: 0 | DC153: 0 | DD153: 68.269565 | DE153: 0.604 | DF153: 0 | DG153: 0 | DH153: 199.18261 | DI153: 1.762 | DJ153: 283.26957 | DK153: 2.506 | DL153: 0 | DM153: 0 | DN153: 69.173913 | DO153: 0.612 | DP153: 50.686957 | DQ153: 0.472 | DR153: 47.026087 | DS153: 0.416 | DT153: 505.97391 | DU153: 4.476 | DV153: 0 | DW153: 0 | DX153: 0 | DY153: 0 | DZ153: 0 | EA153: 0 | EB153: 0 | EC153: 0 | ED153: 0 | EE153: 0 | EF153: 0 | EG153: 0 | EH153: 0 | EI153: 0 | EJ153: 0 | EK153: 0 | EL153: 0 | EM153: 0 | EN153: 0 | EO153: 0 | EP153: 0 | EQ153: 0 | ER153: 0 | ES153: 0 | ET153: 0 | EU153: 0 | EV153: 0 | EW153: 0 | EX153: 0 | EY153: 0 | EZ153: 0 | FA153: 0 | FB153: 0 | FC153: 0 | FD153: 171.13043 | FE153: 1.514 | FF153: 0 | FG153: 0 | FH153: 0 | FI153: 0 | FJ153: 0 | FK153: 0 | FL153: 0 | FM153: 0 | FN153: 0 | FO153: 0 | FP153: 0 | FQ153: 0 | FR153: 0 | FS153: 0 | FT153: 0 | FU153: 0 | FV153: 0 | FW153: 0 | FX153: 0 | FY153: 0 | FZ153: 0 | GA153: 0 | GB153: 0 | GC153: 0 | GD153: 0 | GE153: 0 | GF153: 0 | GG153: 0 | GH153: 0 | GI153: 0 | GJ153: 0 | GK153: 0 | GL153: 0 | GM153: 0 | GN153: 0 | GO153: 0 | GP153: 0 | GQ153: 0
A154: 202 | B154: BULK TENDERISED STEAK | C154: 2 | D154: 0 | E154: 0 | F154: 0 | G154: 0 | H154: 0 | I154: 0 | J154: 0 | K154: 0 | L154: 0 | M154: 0 | N154: 0 | O154: 0 | P154: 0 | Q154: 0 | R154: 0 | S154: 0 | T154: 0 | U154: 0 | V154: 0 | W154: 0 | X154: 0 | Y154: 0 | Z154: 0 | AA154: 0 | AB154: 0 | AC154: 0 | AD154: 0 | AE154: 0 | AF154: 0 | AG154: 0 | AH154: 0 | AI154: 0 | AJ154: 0 | AK154: 0 | AL154: 0 | AM154: 0 | AN154: 0 | AO154: 0 | AP154: 0 | AQ154: 0 | AR154: 0 | AS154: 0 | AT154: 0 | AU154: 0 | AV154: 0 | AW154: 0 | AX154: 0 | AY154: 0 | AZ154: 0 | BA154: 0 | BB154: 0 | BC154: 0 | BD154: 0 | BE154: 0 | BF154: 0 | BG154: 0 | BH154: 0 | BI154: 0 | BJ154: 0 | BK154: 0 | BL154: 0 | BM154: 0 | BN154: 0 | BO154: 0 | BP154: 0 | BQ154: 0 | BR154: 0 | BS154: 0 | BT154: 0 | BU154: 0 | BV154: 0 | BW154: 0 | BX154: 0 | BY154: 0 | BZ154: 0 | CA154: 0 | CB154: 0 | CC154: 0 | CD154: 0 | CE154: 0 | CF154: 0 | CG154: 0 | CH154: 0 | CI154: 0 | CJ154: 0 | CK154: 0 | CL154: 0 | CM154: 0 | CN154: 0 | CO154: 0 | CP154: 0 | CQ154: 0 | CR154: 0 | CS154: 0 | CT154: 0 | CU154: 0 | CV154: 0 | CW154: 0 | CX154: 0 | CY154: 0 | CZ154: 0 | DA154: 0 | DB154: 0 | DC154: 0 | DD154: 0 | DE154: 0 | DF154: 0 | DG154: 0 | DH154: 0 | DI154: 0 | DJ154: 0 | DK154: 0 | DL154: 0 | DM154: 0 | DN154: 0 | DO154: 0 | DP154: 0 | DQ154: 0 | DR154: 0 | DS154: 0 | DT154: 0 | DU154: 0 | DV154: 0 | DW154: 0 | DX154: 0 | DY154: 0 | DZ154: 0 | EA154: 0 | EB154: 0 | EC154: 0 | ED154: 0 | EE154: 0 | EF154: 0 | EG154: 0 | EH154: 0 | EI154: 0 | EJ154: 0 | EK154: 0 | EL154: 0 | EM154: 0 | EN154: 0 | EO154: 0 | EP154: 0 | EQ154: 0 | ER154: 0 | ES154: 0 | ET154: 0 | EU154: 0 | EV154: 0 | EW154: 0 | EX154: 0 | EY154: 0 | EZ154: 0 | FA154: 0 | FB154: 0 | FC154: 0 | FD154: 0 | FE154: 0 | FF154: 0 | FG154: 0 | FH154: 0 | FI154: 0 | FJ154: 0 | FK154: 0 | FL154: 0 | FM154: 0 | FN154: 0 | FO154: 0 | FP154: 0 | FQ154: 0 | FR154: 0 | FS154: 0 | FT154: 0 | FU154: 0 | FV154: 0 | FW154: 0 | FX154: 0 | FY154: 0 | FZ154: 0 | GA154: 0 | GB154: 0 | GC154: 0 | GD154: 0 | GE154: 0 | GF154: 0 | GG154: 0 | GH154: 0 | GI154: 0 | GJ154: 0 | GK154: 0 | GL154: 0 | GM154: 0 | GN154: 0 | GO154: 0 | GP154: 0 | GQ154: 0
A155: 220 | B155: BURGER BOEREWORS | C155: 2 | D155: 0 | E155: 0 | F155: 0 | G155: 0 | H155: 0 | I155: 0 | J155: 0 | K155: 0 | L155: 0 | M155: 0 | N155: 0 | O155: 0 | P155: 0 | Q155: 0 | R155: 0 | S155: 0 | T155: 0 | U155: 0 | V155: 0 | W155: 0 | X155: 0 | Y155: 0 | Z155: 0 | AA155: 0 | AB155: 0 | AC155: 0 | AD155: 0 | AE155: 0 | AF155: 0 | AG155: 0 | AH155: 0 | AI155: 0 | AJ155: 0 | AK155: 0 | AL155: 0 | AM155: 0 | AN155: 0 | AO155: 0 | AP155: 0 | AQ155: 0 | AR155: 0 | AS155: 0 | AT155: 0 | AU155: 0 | AV155: 0 | AW155: 0 | AX155: 0 | AY155: 0 | AZ155: 0 | BA155: 0 | BB155: 0 | BC155: 0 | BD155: 0 | BE155: 0 | BF155: 0 | BG155: 0 | BH155: 0 | BI155: 0 | BJ155: 0 | BK155: 0 | BL155: 0 | BM155: 0 | BN155: 0 | BO155: 0 | BP155: 0 | BQ155: 0 | BR155: 0 | BS155: 0 | BT155: 0 | BU155: 0 | BV155: 0 | BW155: 0 | BX155: 0 | BY155: 0 | BZ155: 0 | CA155: 0 | CB155: 0 | CC155: 0 | CD155: 0 | CE155: 0 | CF155: 0 | CG155: 0 | CH155: 0 | CI155: 0 | CJ155: 0 | CK155: 0 | CL155: 0 | CM155: 0 | CN155: 0 | CO155: 0 | CP155: 0 | CQ155: 0 | CR155: 0 | CS155: 0 | CT155: 0 | CU155: 0 | CV155: 0 | CW155: 0 | CX155: 0 | CY155: 0 | CZ155: 0 | DA155: 0 | DB155: 0 | DC155: 0 | DD155: 0 | DE155: 0 | DF155: 0 | DG155: 0 | DH155: 0 | DI155: 0 | DJ155: 0 | DK155: 0 | DL155: 0 | DM155: 0 | DN155: 0 | DO155: 0 | DP155: 0 | DQ155: 0 | DR155: 0 | DS155: 0 | DT155: 0 | DU155: 0 | DV155: 0 | DW155: 0 | DX155: 0 | DY155: 0 | DZ155: 0 | EA155: 0 | EB155: 0 | EC155: 0 | ED155: 0 | EE155: 0 | EF155: 0 | EG155: 0 | EH155: 0 | EI155: 0 | EJ155: 0 | EK155: 0 | EL155: 0 | EM155: 0 | EN155: 0 | EO155: 0 | EP155: 0 | EQ155: 0 | ER155: 0 | ES155: 0 | ET155: 0 | EU155: 0 | EV155: 0 | EW155: 0 | EX155: 0 | EY155: 0 | EZ155: 0 | FA155: 0 | FB155: 0 | FC155: 0 | FD155: 0 | FE155: 0 | FF155: 0 | FG155: 0 | FH155: 0 | FI155: 0 | FJ155: 0 | FK155: 0 | FL155: 0 | FM155: 0 | FN155: 0 | FO155: 0 | FP155: 0 | FQ155: 0 | FR155: 0 | FS155: 0 | FT155: 0 | FU155: 0 | FV155: 0 | FW155: 0 | FX155: 0 | FY155: 0 | FZ155: 0 | GA155: 0 | GB155: 0 | GC155: 0 | GD155: 0 | GE155: 0 | GF155: 0 | GG155: 0 | GH155: 0 | GI155: 0 | GJ155: 0 | GK155: 0 | GL155: 0 | GM155: 0 | GN155: 0 | GO155: 0 | GP155: 0 | GQ155: 0
A156: 203 | B156: BUTCHERY SUNDOWNER WINGS | C156: 2 | D156: 0 | E156: 0 | F156: 0 | G156: 0 | H156: 0 | I156: 0 | J156: 0 | K156: 0 | L156: 0 | M156: 0 | N156: 0 | O156: 0 | P156: 0 | Q156: 0 | R156: 0 | S156: 0 | T156: 0 | U156: 0 | V156: 0 | W156: 0 | X156: 0 | Y156: 0 | Z156: 0 | AA156: 0 | AB156: 0 | AC156: 0 | AD156: 0 | AE156: 0 | AF156: 0 | AG156: 0 | AH156: 0 | AI156: 0 | AJ156: 0 | AK156: 0 | AL156: 0 | AM156: 0 | AN156: 0 | AO156: 0 | AP156: 0 | AQ156: 0 | AR156: 0 | AS156: 0 | AT156: 0 | AU156: 0 | AV156: 0 | AW156: 0 | AX156: 0 | AY156: 0 | AZ156: 0 | BA156: 0 | BB156: 0 | BC156: 0 | BD156: 0 | BE156: 0 | BF156: 0 | BG156: 0 | BH156: 0 | BI156: 0 | BJ156: 0 | BK156: 0 | BL156: 0 | BM156: 0 | BN156: 0 | BO156: 0 | BP156: 0 | BQ156: 0 | BR156: 0 | BS156: 0 | BT156: 0 | BU156: 0 | BV156: 0 | BW156: 0 | BX156: 0 | BY156: 0 | BZ156: 0 | CA156: 0 | CB156: 0 | CC156: 0 | CD156: 0 | CE156: 0 | CF156: 0 | CG156: 0 | CH156: 0 | CI156: 0 | CJ156: 0 | CK156: 0 | CL156: 0 | CM156: 0 | CN156: 0 | CO156: 0 | CP156: 0 | CQ156: 0 | CR156: 0 | CS156: 0 | CT156: 0 | CU156: 0 | CV156: 0 | CW156: 0 | CX156: 0 | CY156: 0 | CZ156: 0 | DA156: 0 | DB156: 0 | DC156: 0 | DD156: 0 | DE156: 0 | DF156: 0 | DG156: 0 | DH156: 0 | DI156: 0 | DJ156: 0 | DK156: 0 | DL156: 0 | DM156: 0 | DN156: 0 | DO156: 0 | DP156: 0 | DQ156: 0 | DR156: 0 | DS156: 0 | DT156: 0 | DU156: 0 | DV156: 0 | DW156: 0 | DX156: 0 | DY156: 0 | DZ156: 0 | EA156: 0 | EB156: 0 | EC156: 0 | ED156: 0 | EE156: 0 | EF156: 0 | EG156: 0 | EH156: 0 | EI156: 0 | EJ156: 0 | EK156: 0 | EL156: 0 | EM156: 0 | EN156: 0 | EO156: 0 | EP156: 0 | EQ156: 0 | ER156: 0 | ES156: 0 | ET156: 0 | EU156: 0 | EV156: 0 | EW156: 0 | EX156: 0 | EY156: 0 | EZ156: 0 | FA156: 0 | FB156: 0 | FC156: 0 | FD156: 0 | FE156: 0 | FF156: 0 | FG156: 0 | FH156: 0 | FI156: 0 | FJ156: 0 | FK156: 0 | FL156: 0 | FM156: 0 | FN156: 0 | FO156: 0 | FP156: 0 | FQ156: 0 | FR156: 0 | FS156: 0 | FT156: 0 | FU156: 0 | FV156: 0 | FW156: 0 | FX156: 0 | FY156: 0 | FZ156: 0 | GA156: 0 | GB156: 0 | GC156: 0 | GD156: 0 | GE156: 0 | GF156: 0 | GG156: 0 | GH156: 0 | GI156: 0 | GJ156: 0 | GK156: 0 | GL156: 0 | GM156: 0 | GN156: 0 | GO156: 0 | GP156: 0 | GQ156: 0
A157: 216 | B157: FARMHOUSE WORS | C157: 2 | D157: 0 | E157: 0 | F157: 0 | G157: 0 | H157: 0 | I157: 0 | J157: 0 | K157: 0 | L157: 0 | M157: 0 | N157: 0 | O157: 0 | P157: 0 | Q157: 0 | R157: 0 | S157: 0 | T157: 0 | U157: 0 | V157: 0 | W157: 0 | X157: 0 | Y157: 0 | Z157: 0 | AA157: 0 | AB157: 0 | AC157: 0 | AD157: 0 | AE157: 0 | AF157: 0 | AG157: 0 | AH157: 0 | AI157: 0 | AJ157: 0 | AK157: 0 | AL157: 0 | AM157: 0 | AN157: 0 | AO157: 0 | AP157: 0 | AQ157: 0 | AR157: 0 | AS157: 0 | AT157: 0 | AU157: 0 | AV157: 0 | AW157: 0 | AX157: 0 | AY157: 0 | AZ157: 0 | BA157: 0 | BB157: 0 | BC157: 0 | BD157: 0 | BE157: 0 | BF157: 0 | BG157: 0 | BH157: 0 | BI157: 0 | BJ157: 0 | BK157: 0 | BL157: 0 | BM157: 0 | BN157: 0 | BO157: 0 | BP157: 0 | BQ157: 0 | BR157: 0 | BS157: 0 | BT157: 0 | BU157: 0 | BV157: 0 | BW157: 0 | BX157: 0 | BY157: 0 | BZ157: 0 | CA157: 0 | CB157: 0 | CC157: 0 | CD157: 0 | CE157: 0 | CF157: 0 | CG157: 0 | CH157: 0 | CI157: 0 | CJ157: 0 | CK157: 0 | CL157: 0 | CM157: 0 | CN157: 0 | CO157: 0 | CP157: 0 | CQ157: 0 | CR157: 0 | CS157: 0 | CT157: 0 | CU157: 0 | CV157: 0 | CW157: 0 | CX157: 0 | CY157: 0 | CZ157: 0 | DA157: 0 | DB157: 0 | DC157: 0 | DD157: 0 | DE157: 0 | DF157: 0 | DG157: 0 | DH157: 0 | DI157: 0 | DJ157: 0 | DK157: 0 | DL157: 0 | DM157: 0 | DN157: 0 | DO157: 0 | DP157: 0 | DQ157: 0 | DR157: 0 | DS157: 0 | DT157: 0 | DU157: 0 | DV157: 0 | DW157: 0 | DX157: 0 | DY157: 0 | DZ157: 0 | EA157: 0 | EB157: 0 | EC157: 0 | ED157: 0 | EE157: 0 | EF157: 0 | EG157: 0 | EH157: 0 | EI157: 0 | EJ157: 0 | EK157: 0 | EL157: 0 | EM157: 0 | EN157: 0 | EO157: 0 | EP157: 0 | EQ157: 0 | ER157: 0 | ES157: 0 | ET157: 0 | EU157: 0 | EV157: 0 | EW157: 0 | EX157: 0 | EY157: 0 | EZ157: 0 | FA157: 0 | FB157: 0 | FC157: 0 | FD157: 0 | FE157: 0 | FF157: 0 | FG157: 0 | FH157: 0 | FI157: 0 | FJ157: 0 | FK157: 0 | FL157: 0 | FM157: 0 | FN157: 0 | FO157: 0 | FP157: 0 | FQ157: 0 | FR157: 0 | FS157: 0 | FT157: 0 | FU157: 0 | FV157: 0 | FW157: 0 | FX157: 0 | FY157: 0 | FZ157: 0 | GA157: 0 | GB157: 0 | GC157: 0 | GD157: 0 | GE157: 0 | GF157: 0 | GG157: 0 | GH157: 0 | GI157: 0 | GJ157: 0 | GK157: 0 | GL157: 0 | GM157: 0 | GN157: 0 | GO157: 0 | GP157: 0 | GQ157: 0
A158: 216 | B158: SHEEP CASINGS 24/26 LONG | C158: 2 | D158: 0 | E158: 0 | F158: 0 | G158: 0 | H158: 0 | I158: 0 | J158: 0 | K158: 0 | L158: 0 | M158: 0 | N158: 0 | O158: 0 | P158: 0 | Q158: 0 | R158: 0 | S158: 0 | T158: 0 | U158: 0 | V158: 0 | W158: 0 | X158: 0 | Y158: 0 | Z158: 0 | AA158: 0 | AB158: 0 | AC158: 0 | AD158: 0 | AE158: 0 | AF158: 0 | AG158: 0 | AH158: 0 | AI158: 0 | AJ158: 0 | AK158: 0 | AL158: 0 | AM158: 0 | AN158: 0 | AO158: 0 | AP158: 0 | AQ158: 0 | AR158: 0 | AS158: 0 | AT158: 0 | AU158: 0 | AV158: 0 | AW158: 0 | AX158: 0 | AY158: 0 | AZ158: 0 | BA158: 0 | BB158: 0 | BC158: 0 | BD158: 0 | BE158: 0 | BF158: 0 | BG158: 0 | BH158: 0 | BI158: 0 | BJ158: 0 | BK158: 0 | BL158: 0 | BM158: 0 | BN158: 0 | BO158: 0 | BP158: 0 | BQ158: 0 | BR158: 0 | BS158: 0 | BT158: 0 | BU158: 0 | BV158: 0 | BW158: 0 | BX158: 0 | BY158: 0 | BZ158: 0 | CA158: 0 | CB158: 0 | CC158: 0 | CD158: 0 | CE158: 0 | CF158: 0 | CG158: 0 | CH158: 0 | CI158: 0 | CJ158: 0 | CK158: 0 | CL158: 0 | CM158: 0 | CN158: 0 | CO158: 0 | CP158: 0 | CQ158: 0 | CR158: 0 | CS158: 0 | CT158: 0 | CU158: 0 | CV158: 0 | CW158: 0 | CX158: 0 | CY158: 0 | CZ158: 0 | DA158: 0 | DB158: 0 | DC158: 0 | DD158: 0 | DE158: 0 | DF158: 0 | DG158: 0 | DH158: 0 | DI158: 0 | DJ158: 0 | DK158: 0 | DL158: 0 | DM158: 0 | DN158: 0 | DO158: 0 | DP158: 0 | DQ158: 0 | DR158: 0 | DS158: 0 | DT158: 0 | DU158: 0 | DV158: 0 | DW158: 0 | DX158: 0 | DY158: 0 | DZ158: 0 | EA158: 0 | EB158: 0 | EC158: 0 | ED158: 0 | EE158: 0 | EF158: 0 | EG158: 0 | EH158: 0 | EI158: 0 | EJ158: 0 | EK158: 0 | EL158: 0 | EM158: 0 | EN158: 0 | EO158: 0 | EP158: 0 | EQ158: 0 | ER158: 0 | ES158: 0 | ET158: 0 | EU158: 0 | EV158: 0 | EW158: 0 | EX158: 0 | EY158: 0 | EZ158: 0 | FA158: 0 | FB158: 0 | FC158: 0 | FD158: 0 | FE158: 0 | FF158: 0 | FG158: 0 | FH158: 0 | FI158: 0 | FJ158: 0 | FK158: 0 | FL158: 0 | FM158: 0 | FN158: 0 | FO158: 0 | FP158: 0 | FQ158: 0 | FR158: 0 | FS158: 0 | FT158: 0 | FU158: 0 | FV158: 0 | FW158: 0 | FX158: 0 | FY158: 0 | FZ158: 0 | GA158: 0 | GB158: 0 | GC158: 0 | GD158: 0 | GE158: 0 | GF158: 0 | GG158: 0 | GH158: 0 | GI158: 0 | GJ158: 0 | GK158: 0 | GL158: 0 | GM158: 0 | GN158: 0 | GO158: 0 | GP158: 0 | GQ158: 0
A159: 2327 | B159: CHICKEN FILLET KEBAB | C159: 24 | D159: 0 | E159: 0 | F159: 0 | G159: 0 | H159: 0 | I159: 0 | J159: 0 | K159: 0 | L159: 0 | M159: 0 | N159: 0 | O159: 0 | P159: 0 | Q159: 0 | R159: 0 | S159: 0 | T159: 0 | U159: 0 | V159: 0 | W159: 0 | X159: 0 | Y159: 0 | Z159: 0 | AA159: 0 | AB159: 0 | AC159: 0 | AD159: 0 | AE159: 0 | AF159: 0 | AG159: 0 | AH159: 0 | AI159: 0 | AJ159: 0 | AK159: 0 | AL159: 0 | AM159: 0 | AN159: 0 | AO159: 0 | AP159: 0 | AQ159: 0 | AR159: 0 | AS159: 0 | AT159: 0 | AU159: 0 | AV159: 0 | AW159: 0 | AX159: 0 | AY159: 0 | AZ159: 0 | BA159: 0 | BB159: 0 | BC159: 0 | BD159: 0 | BE159: 0 | BF159: 0 | BG159: 0 | BH159: 0 | BI159: 0 | BJ159: 0 | BK159: 0 | BL159: 0 | BM159: 0 | BN159: 0 | BO159: 0 | BP159: 0 | BQ159: 0 | BR159: 0 | BS159: 0 | BT159: 0 | BU159: 0 | BV159: 0 | BW159: 0 | BX159: 0 | BY159: 0 | BZ159: 0 | CA159: 0 | CB159: 0 | CC159: 0 | CD159: 0 | CE159: 0 | CF159: 0 | CG159: 0 | CH159: 0 | CI159: 0 | CJ159: 0 | CK159: 0 | CL159: 0 | CM159: 0 | CN159: 0 | CO159: 0 | CP159: 0 | CQ159: 0 | CR159: 0 | CS159: 0 | CT159: 0 | CU159: 0 | CV159: 0 | CW159: 0 | CX159: 0 | CY159: 0 | CZ159: 0 | DA159: 0 | DB159: 0 | DC159: 0 | DD159: 0 | DE159: 0 | DF159: 0 | DG159: 0 | DH159: 0 | DI159: 0 | DJ159: 0 | DK159: 0 | DL159: 0 | DM159: 0 | DN159: 0 | DO159: 0 | DP159: 0 | DQ159: 0 | DR159: 0 | DS159: 0 | DT159: 0 | DU159: 0 | DV159: 0 | DW159: 0 | DX159: 0 | DY159: 0 | DZ159: 0 | EA159: 0 | EB159: 0 | EC159: 0 | ED159: 0 | EE159: 0 | EF159: 0 | EG159: 0 | EH159: 0 | EI159: 0 | EJ159: 0 | EK159: 0 | EL159: 0 | EM159: 0 | EN159: 0 | EO159: 0 | EP159: 0 | EQ159: 0 | ER159: 0 | ES159: 0 | ET159: 0 | EU159: 0 | EV159: 0 | EW159: 0 | EX159: 0 | EY159: 0 | EZ159: 0 | FA159: 0 | FB159: 0 | FC159: 0 | FD159: 0 | FE159: 0 | FF159: 0 | FG159: 0 | FH159: 0 | FI159: 0 | FJ159: 0 | FK159: 0 | FL159: 0 | FM159: 0 | FN159: 0 | FO159: 0 | FP159: 0 | FQ159: 0 | FR159: 0 | FS159: 0 | FT159: 0 | FU159: 0 | FV159: 0 | FW159: 0 | FX159: 0 | FY159: 0 | FZ159: 0 | GA159: 0 | GB159: 0 | GC159: 0 | GD159: 0 | GE159: 0 | GF159: 0 | GG159: 0 | GH159: 0 | GI159: 0 | GJ159: 0 | GK159: 0 | GL159: 0 | GM159: 0 | GN159: 0 | GO159: 0 | GP159: 0 | GQ159: 0
A160: 206 | B160: FROZEN MINCED SKILPADJIES | C160: 2 | D160: 0 | E160: 0 | F160: 0 | G160: 0 | H160: 0 | I160: 0 | J160: 0 | K160: 0 | L160: 0 | M160: 0 | N160: 0 | O160: 0 | P160: 0 | Q160: 0 | R160: 0 | S160: 0 | T160: 0 | U160: 0 | V160: 0 | W160: 0 | X160: 0 | Y160: 0 | Z160: 0 | AA160: 0 | AB160: 0 | AC160: 0 | AD160: 0 | AE160: 0 | AF160: 0 | AG160: 0 | AH160: 0 | AI160: 0 | AJ160: 0 | AK160: 0 | AL160: 0 | AM160: 0 | AN160: 0 | AO160: 0 | AP160: 0 | AQ160: 0 | AR160: 0 | AS160: 0 | AT160: 0 | AU160: 0 | AV160: 0 | AW160: 0 | AX160: 0 | AY160: 0 | AZ160: 0 | BA160: 0 | BB160: 0 | BC160: 0 | BD160: 0 | BE160: 0 | BF160: 0 | BG160: 0 | BH160: 0 | BI160: 0 | BJ160: 0 | BK160: 0 | BL160: 0 | BM160: 0 | BN160: 0 | BO160: 0 | BP160: 0 | BQ160: 0 | BR160: 0 | BS160: 0 | BT160: 0 | BU160: 0 | BV160: 0 | BW160: 0 | BX160: 0 | BY160: 0 | BZ160: 0 | CA160: 0 | CB160: 0 | CC160: 0 | CD160: 0 | CE160: 0 | CF160: 0 | CG160: 0 | CH160: 0 | CI160: 0 | CJ160: 0 | CK160: 0 | CL160: 0 | CM160: 0 | CN160: 0 | CO160: 0 | CP160: 0 | CQ160: 0 | CR160: 0 | CS160: 0 | CT160: 0 | CU160: 0 | CV160: 0 | CW160: 0 | CX160: 0 | CY160: 0 | CZ160: 0 | DA160: 0 | DB160: 0 | DC160: 0 | DD160: 0 | DE160: 0 | DF160: 0 | DG160: 0 | DH160: 0 | DI160: 0 | DJ160: 0 | DK160: 0 | DL160: 0 | DM160: 0 | DN160: 0 | DO160: 0 | DP160: 0 | DQ160: 0 | DR160: 0 | DS160: 0 | DT160: 0 | DU160: 0 | DV160: 0 | DW160: 0 | DX160: 0 | DY160: 0 | DZ160: 0 | EA160: 0 | EB160: 0 | EC160: 0 | ED160: 0 | EE160: 0 | EF160: 0 | EG160: 0 | EH160: 0 | EI160: 0 | EJ160: 0 | EK160: 0 | EL160: 0 | EM160: 0 | EN160: 0 | EO160: 0 | EP160: 0 | EQ160: 0 | ER160: 0 | ES160: 0 | ET160: 0 | EU160: 0 | EV160: 0 | EW160: 0 | EX160: 0 | EY160: 0 | EZ160: 0 | FA160: 0 | FB160: 0 | FC160: 0 | FD160: 0 | FE160: 0 | FF160: 0 | FG160: 0 | FH160: 0 | FI160: 0 | FJ160: 0 | FK160: 0 | FL160: 0 | FM160: 0 | FN160: 0 | FO160: 0 | FP160: 0 | FQ160: 0 | FR160: 0 | FS160: 0 | FT160: 0 | FU160: 0 | FV160: 0 | FW160: 0 | FX160: 0 | FY160: 0 | FZ160: 0 | GA160: 0 | GB160: 0 | GC160: 0 | GD160: 0 | GE160: 0 | GF160: 0 | GG160: 0 | GH160: 0 | GI160: 0 | GJ160: 0 | GK160: 0 | GL160: 0 | GM160: 0 | GN160: 0 | GO160: 0 | GP160: 0 | GQ160: 0
... A253: 210 | B253: MED/LONG SHEEP YR | C253: 2 | D253: 0 | E253: 0 | F253: 0 | G253: 0 | H253: 0 | I253: 0 | J253: 0 | K253: 0 | L253: 0 | M253: 0 | N253: 0 | O253: 0 | P253: 0 | Q253: 0 | R253: 0 | S253: 0 | T253: 0 | U253: 0 | V253: 0 | W253: 0 | X253: 0 | Y253: 0 | Z253: 0 | AA253: 0 | AB253: 0 | AC253: 0 | AD253: 0 | AE253: 0 | AF253: 0 | AG253: 0 | AH253: 0 | AI253: 0 | AJ253: 0 | AK253: 0 | AL253: 0 | AM253: 0 | AN253: 0 | AO253: 0 | AP253: 0 | AQ253: 0 | AR253: 0 | AS253: 0 | AT253: 0 | AU253: 0 | AV253: 0 | AW253: 0 | AX253: 0 | AY253: 0 | AZ253: 0 | BA253: 0 | BB253: 0 | BC253: 0 | BD253: 0 | BE253: 0 | BF253: 0 | BG253: 0 | BH253: 0 | BI253: 0 | BJ253: 0 | BK253: 0 | BL253: 0 | BM253: 0 | BN253: 0 | BO253: 0 | BP253: 0 | BQ253: 0 | BR253: 0 | BS253: 0 | BT253: 0 | BU253: 0 | BV253: 0 | BW253: 0 | BX253: 0 | BY253: 0 | BZ253: 0 | CA253: 0 | CB253: 0 | CC253: 0 | CD253: 0 | CE253: 0 | CF253: 0 | CG253: 0 | CH253: 0 | CI253: 0 | CJ253: 0 | CK253: 0 | CL253: 0 | CM253: 0 | CN253: 0 | CO253: 0 | CP253: 0 | CQ253: 0 | CR253: 0 | CS253: 0 | CT253: 0 | CU253: 0 | CV253: 0 | CW253: 0 | CX253: 0 | CY253: 0 | CZ253: 0 | DA253: 0 | DB253: 0 | DC253: 0 | DD253: 0 | DE253: 0 | DF253: 0 | DG253: 0 | DH253: 0 | DI253: 0 | DJ253: 0 | DK253: 0 | DL253: 0 | DM253: 0 | DN253: 0 | DO253: 0 | DP253: 0 | DQ253: 0 | DR253: 0 | DS253: 0 | DT253: 0 | DU253: 0 | DV253: 0 | DW253: 0 | DX253: 0 | DY253: 0 | DZ253: 0 | EA253: 0 | EB253: 0 | EC253: 0 | ED253: 0 | EE253: 0 | EF253: 0 | EG253: 0 | EH253: 0 | EI253: 0 | EJ253: 0 | EK253: 0 | EL253: 0 | EM253: 0 | EN253: 0 | EO253: 0 | EP253: 0 | EQ253: 0 | ER253: 0 | ES253: 0 | ET253: 0 | EU253: 0 | EV253: 0 | EW253: 0 | EX253: 0 | EY253: 0 | EZ253: 0 | FA253: 0 | FB253: 0 | FC253: 0 | FD253: 0 | FE253: 0 | FF253: 0 | FG253: 0 | FH253: 0 | FI253: 0 | FJ253: 0 | FK253: 0 | FL253: 0 | FM253: 0 | FN253: 0 | FO253: 0 | FP253: 0 | FQ253: 0 | FR253: 0 | FS253: 0 | FT253: 0 | FU253: 0 | FV253: 0 | FW253: 0 | FX253: 0 | FY253: 0 | FZ253: 0 | GA253: 0 | GB253: 0 | GC253: 0 | GD253: 0 | GE253: 0 | GF253: 0 | GG253: 0 | GH253: 0 | GI253: 0 | GJ253: 0 | GK253: 0 | GL253: 0 | GM253: 0 | GN253: 0 | GO253: 0 | GP253: 0 | GQ253: 0
A254: 205 | B254: 1 | C254: 2 | D254: 0 | E254: 0 | F254: 0 | G254: 0 | H254: 0 | I254: 0 | J254: 0 | K254: 0 | L254: 0 | M254: 0 | N254: 0 | O254: 0 | P254: 0 | Q254: 0 | R254: 0 | S254: 0 | T254: 0 | U254: 0 | V254: 0 | W254: 0 | X254: 0 | Y254: 0 | Z254: 0 | AA254: 0 | AB254: 0 | AC254: 0 | AD254: 0 | AE254: 0 | AF254: 0 | AG254: 0 | AH254: 0 | AI254: 0 | AJ254: 0 | AK254: 0 | AL254: 0 | AM254: 0 | AN254: 0 | AO254: 0 | AP254: 0 | AQ254: 0 | AR254: 0 | AS254: 0 | AT254: 0 | AU254: 0 | AV254: 0 | AW254: 0 | AX254: 0 | AY254: 0 | AZ254: 0 | BA254: 0 | BB254: 0 | BC254: 0 | BD254: 0 | BE254: 0 | BF254: 0 | BG254: 0 | BH254: 0 | BI254: 0 | BJ254: 0 | BK254: 0 | BL254: 0 | BM254: 0 | BN254: 0 | BO254: 0 | BP254: 0 | BQ254: 0 | BR254: 0 | BS254: 0 | BT254: 0 | BU254: 0 | BV254: 0 | BW254: 0 | BX254: 0 | BY254: 0 | BZ254: 0 | CA254: 0 | CB254: 0 | CC254: 0 | CD254: 0 | CE254: 0 | CF254: 0 | CG254: 0 | CH254: 0 | CI254: 0 | CJ254: 0 | CK254: 0 | CL254: 0 | CM254: 0 | CN254: 0 | CO254: 0 | CP254: 0 | CQ254: 0 | CR254: 0 | CS254: 0 | CT254: 0 | CU254: 0 | CV254: 0 | CW254: 0 | CX254: 0 | CY254: 0 | CZ254: 0 | DA254: 0 | DB254: 0 | DC254: 0 | DD254: 0 | DE254: 0 | DF254: 0 | DG254: 0 | DH254: 0 | DI254: 0 | DJ254: 0 | DK254: 0 | DL254: 0 | DM254: 0 | DN254: 0 | DO254: 0 | DP254: 0 | DQ254: 0 | DR254: 0 | DS254: 0 | DT254: 0 | DU254: 0 | DV254: 0 | DW254: 0 | DX254: 0 | DY254: 0 | DZ254: 0 | EA254: 0 | EB254: 0 | EC254: 0 | ED254: 0 | EE254: 0 | EF254: 0 | EG254: 0 | EH254: 0 | EI254: 0 | EJ254: 0 | EK254: 0 | EL254: 0 | EM254: 0 | EN254: 0 | EO254: 0 | EP254: 0 | EQ254: 0 | ER254: 0 | ES254: 0 | ET254: 0 | EU254: 0 | EV254: 0 | EW254: 0 | EX254: 0 | EY254: 0 | EZ254: 0 | FA254: 0 | FB254: 0 | FC254: 0 | FD254: 0 | FE254: 0 | FF254: 0 | FG254: 0 | FH254: 0 | FI254: 0 | FJ254: 0 | FK254: 0 | FL254: 0 | FM254: 0 | FN254: 0 | FO254: 0 | FP254: 0 | FQ254: 0 | FR254: 0 | FS254: 0 | FT254: 0 | FU254: 0 | FV254: 0 | FW254: 0 | FX254: 0 | FY254: 0 | FZ254: 0 | GA254: 0 | GB254: 0 | GC254: 0 | GD254: 0 | GE254: 0 | GF254: 0 | GG254: 0 | GH254: 0 | GI254: 0 | GJ254: 0 | GK254: 0 | GL254: 0 | GM254: 0 | GN254: 0 | GO254: 0 | GP254: 0 | GQ254: 0
A255: 205 | B255: SKAAPSTERTJIES | C255: 2 | D255: 0 | E255: 0 | F255: 0 | G255: 0 | H255: 0 | I255: 0 | J255: 0 | K255: 0 | L255: 0 | M255: 0 | N255: 0 | O255: 0 | P255: 0 | Q255: 0 | R255: 0 | S255: 0 | T255: 0 | U255: 0 | V255: 0 | W255: 0 | X255: 0 | Y255: 0 | Z255: 0 | AA255: 0 | AB255: 0 | AC255: 0 | AD255: 0 | AE255: 0 | AF255: 0 | AG255: 0 | AH255: 0 | AI255: 0 | AJ255: 0 | AK255: 0 | AL255: 0 | AM255: 0 | AN255: 0 | AO255: 0 | AP255: 0 | AQ255: 0 | AR255: 0 | AS255: 0 | AT255: 0 | AU255: 0 | AV255: 0 | AW255: 0 | AX255: 0 | AY255: 0 | AZ255: 0 | BA255: 0 | BB255: 0 | BC255: 0 | BD255: 0 | BE255: 0 | BF255: 0 | BG255: 0 | BH255: 0 | BI255: 0 | BJ255: 0 | BK255: 0 | BL255: 0 | BM255: 0 | BN255: 0 | BO255: 0 | BP255: 0 | BQ255: 0 | BR255: 0 | BS255: 0 | BT255: 0 | BU255: 0 | BV255: 0 | BW255: 0 | BX255: 0 | BY255: 0 | BZ255: 0 | CA255: 0 | CB255: 0 | CC255: 0 | CD255: 0 | CE255: 0 | CF255: 0 | CG255: 0 | CH255: 0 | CI255: 0 | CJ255: 0 | CK255: 0 | CL255: 0 | CM255: 0 | CN255: 0 | CO255: 0 | CP255: 0 | CQ255: 0 | CR255: 0 | CS255: 0 | CT255: 0 | CU255: 0 | CV255: 0 | CW255: 0 | CX255: 0 | CY255: 0 | CZ255: 0 | DA255: 0 | DB255: 0 | DC255: 0 | DD255: 0 | DE255: 0 | DF255: 0 | DG255: 0 | DH255: 0 | DI255: 0 | DJ255: 0 | DK255: 0 | DL255: 0 | DM255: 0 | DN255: 0 | DO255: 0 | DP255: 0 | DQ255: 0 | DR255: 0 | DS255: 0 | DT255: 0 | DU255: 0 | DV255: 0 | DW255: 0 | DX255: 0 | DY255: 0 | DZ255: 0 | EA255: 0 | EB255: 0 | EC255: 0 | ED255: 0 | EE255: 0 | EF255: 0 | EG255: 0 | EH255: 0 | EI255: 0 | EJ255: 0 | EK255: 0 | EL255: 0 | EM255: 0 | EN255: 0 | EO255: 0 | EP255: 0 | EQ255: 0 | ER255: 0 | ES255: 0 | ET255: 0 | EU255: 0 | EV255: 0 | EW255: 0 | EX255: 0 | EY255: 0 | EZ255: 0 | FA255: 0 | FB255: 0 | FC255: 0 | FD255: 0 | FE255: 0 | FF255: 0 | FG255: 0 | FH255: 0 | FI255: 0 | FJ255: 0 | FK255: 0 | FL255: 0 | FM255: 0 | FN255: 0 | FO255: 0 | FP255: 0 | FQ255: 0 | FR255: 0 | FS255: 0 | FT255: 0 | FU255: 0 | FV255: 0 | FW255: 0 | FX255: 0 | FY255: 0 | FZ255: 0 | GA255: 0 | GB255: 0 | GC255: 0 | GD255: 0 | GE255: 0 | GF255: 0 | GG255: 0 | GH255: 0 | GI255: 0 | GJ255: 0 | GK255: 0 | GL255: 0 | GM255: 0 | GN255: 0 | GO255: 0 | GP255: 0 | GQ255: 0
A256: 216 | B256: UNCOLOURED MINCE | C256: 2 | D256: 0 | E256: 0 | F256: 0 | G256: 0 | H256: 0 | I256: 0 | J256: 0 | K256: 0 | L256: 0 | M256: 0 | N256: 0 | O256: 0 | P256: 0 | Q256: 0 | R256: 0 | S256: 0 | T256: 0 | U256: 0 | V256: 0 | W256: 0 | X256: 0 | Y256: 0 | Z256: 0 | AA256: 0 | AB256: 0 | AC256: 0 | AD256: 0 | AE256: 0 | AF256: 0 | AG256: 0 | AH256: 0 | AI256: 0 | AJ256: 0 | AK256: 0 | AL256: 0 | AM256: 0 | AN256: 0 | AO256: 0 | AP256: 0 | AQ256: 0 | AR256: 0 | AS256: 0 | AT256: 0 | AU256: 0 | AV256: 0 | AW256: 0 | AX256: 0 | AY256: 0 | AZ256: 0 | BA256: 0 | BB256: 0 | BC256: 0 | BD256: 0 | BE256: 0 | BF256: 0 | BG256: 0 | BH256: 0 | BI256: 0 | BJ256: 0 | BK256: 0 | BL256: 0 | BM256: 0 | BN256: 0 | BO256: 0 | BP256: 0 | BQ256: 0 | BR256: 0 | BS256: 0 | BT256: 0 | BU256: 0 | BV256: 0 | BW256: 0 | BX256: 0 | BY256: 0 | BZ256: 0 | CA256: 0 | CB256: 0 | CC256: 0 | CD256: 0 | CE256: 0 | CF256: 0 | CG256: 0 | CH256: 0 | CI256: 0 | CJ256: 0 | CK256: 0 | CL256: 0 | CM256: 0 | CN256: 0 | CO256: 0 | CP256: 0 | CQ256: 0 | CR256: 0 | CS256: 0 | CT256: 0 | CU256: 0 | CV256: 0 | CW256: 0 | CX256: 0 | CY256: 0 | CZ256: 0 | DA256: 0 | DB256: 0 | DC256: 0 | DD256: 0 | DE256: 0 | DF256: 0 | DG256: 0 | DH256: 0 | DI256: 0 | DJ256: 0 | DK256: 0 | DL256: 0 | DM256: 0 | DN256: 0 | DO256: 0 | DP256: 0 | DQ256: 0 | DR256: 0 | DS256: 0 | DT256: 0 | DU256: 0 | DV256: 0 | DW256: 0 | DX256: 0 | DY256: 0 | DZ256: 0 | EA256: 0 | EB256: 0 | EC256: 0 | ED256: 0 | EE256: 0 | EF256: 0 | EG256: 0 | EH256: 0 | EI256: 0 | EJ256: 0 | EK256: 0 | EL256: 0 | EM256: 0 | EN256: 0 | EO256: 0 | EP256: 0 | EQ256: 0 | ER256: 0 | ES256: 0 | ET256: 0 | EU256: 0 | EV256: 0 | EW256: 0 | EX256: 0 | EY256: 0 | EZ256: 0 | FA256: 0 | FB256: 0 | FC256: 0 | FD256: 0 | FE256: 0 | FF256: 0 | FG256: 0 | FH256: 0 | FI256: 0 | FJ256: 0 | FK256: 0 | FL256: 0 | FM256: 0 | FN256: 0 | FO256: 0 | FP256: 0 | FQ256: 0 | FR256: 0 | FS256: 0 | FT256: 0 | FU256: 0 | FV256: 0 | FW256: 0 | FX256: 0 | FY256: 0 | FZ256: 0 | GA256: 0 | GB256: 0 | GC256: 0 | GD256: 0 | GE256: 0 | GF256: 0 | GG256: 0 | GH256: 0 | GI256: 0 | GJ256: 0 | GK256: 0 | GL256: 0 | GM256: 0 | GN256: 0 | GO256: 0 | GP256: 0 | GQ256: 0
A257: 226 | B257: MUMBAI CHILLI SPICE | C257: 2 | D257: 0 | E257: 0 | F257: 0 | G257: 0 | H257: 0 | I257: 0 | J257: 0 | K257: 0 | L257: 0 | M257: 0 | N257: 0 | O257: 0 | P257: 0 | Q257: 0 | R257: 0 | S257: 0 | T257: 0 | U257: 0 | V257: 0 | W257: 0 | X257: 0 | Y257: 0 | Z257: 0 | AA257: 0 | AB257: 0 | AC257: 0 | AD257: 0 | AE257: 0 | AF257: 0 | AG257: 0 | AH257: 0 | AI257: 0 | AJ257: 0 | AK257: 0 | AL257: 0 | AM257: 0 | AN257: 0 | AO257: 0 | AP257: 0 | AQ257: 0 | AR257: 0 | AS257: 0 | AT257: 0 | AU257: 0 | AV257: 0 | AW257: 0 | AX257: 0 | AY257: 0 | AZ257: 0 | BA257: 0 | BB257: 0 | BC257: 0 | BD257: 0 | BE257: 0 | BF257: 0 | BG257: 0 | BH257: 0 | BI257: 0 | BJ257: 0 | BK257: 0 | BL257: 0 | BM257: 0 | BN257: 0 | BO257: 0 | BP257: 0 | BQ257: 0 | BR257: 0 | BS257: 0 | BT257: 0 | BU257: 0 | BV257: 0 | BW257: 0 | BX257: 0 | BY257: 0 | BZ257: 0 | CA257: 0 | CB257: 0 | CC257: 0 | CD257: 0 | CE257: 0 | CF257: 0 | CG257: 0 | CH257: 0 | CI257: 0 | CJ257: 0 | CK257: 0 | CL257: 0 | CM257: 0 | CN257: 0 | CO257: 0 | CP257: 0 | CQ257: 0 | CR257: 0 | CS257: 0 | CT257: 0 | CU257: 0 | CV257: 0 | CW257: 0 | CX257: 0 | CY257: 0 | CZ257: 0 | DA257: 0 | DB257: 0 | DC257: 0 | DD257: 0 | DE257: 0 | DF257: 0 | DG257: 0 | DH257: 0 | DI257: 0 | DJ257: 0 | DK257: 0 | DL257: 0 | DM257: 0 | DN257: 0 | DO257: 0 | DP257: 0 | DQ257: 0 | DR257: 0 | DS257: 0 | DT257: 0 | DU257: 0 | DV257: 0 | DW257: 0 | DX257: 0 | DY257: 0 | DZ257: 0 | EA257: 0 | EB257: 0 | EC257: 0 | ED257: 0 | EE257: 0 | EF257: 0 | EG257: 0 | EH257: 0 | EI257: 0 | EJ257: 0 | EK257: 0 | EL257: 0 | EM257: 0 | EN257: 0 | EO257: 0 | EP257: 0 | EQ257: 0 | ER257: 0 | ES257: 0 | ET257: 0 | EU257: 0 | EV257: 0 | EW257: 0 | EX257: 0 | EY257: 0 | EZ257: 0 | FA257: 0 | FB257: 0 | FC257: 0 | FD257: 0 | FE257: 0 | FF257: 0 | FG257: 0 | FH257: 0 | FI257: 0 | FJ257: 0 | FK257: 0 | FL257: 0 | FM257: 0 | FN257: 0 | FO257: 0 | FP257: 0 | FQ257: 0 | FR257: 0 | FS257: 0 | FT257: 0 | FU257: 0 | FV257: 0 | FW257: 0 | FX257: 0 | FY257: 0 | FZ257: 0 | GA257: 0 | GB257: 0 | GC257: 0 | GD257: 0 | GE257: 0 | GF257: 0 | GG257: 0 | GH257: 0 | GI257: 0 | GJ257: 0 | GK257: 0 | GL257: 0 | GM257: 0 | GN257: 0 | GO257: 0 | GP257: 0 | GQ257: 0
A258: 210 | B258: WORCESTERSAUCE | C258: 2 | D258: 0 | E258: 0 | F258: 0 | G258: 0 | H258: 0 | I258: 0 | J258: 0 | K258: 0 | L258: 0 | M258: 0 | N258: 0 | O258: 0 | P258: 0 | Q258: 0 | R258: 0 | S258: 0 | T258: 0 | U258: 0 | V258: 0 | W258: 0 | X258: 0 | Y258: 0 | Z258: 0 | AA258: 0 | AB258: 0 | AC258: 0 | AD258: 0 | AE258: 0 | AF258: 0 | AG258: 0 | AH258: 0 | AI258: 0 | AJ258: 0 | AK258: 0 | AL258: 0 | AM258: 0 | AN258: 0 | AO258: 0 | AP258: 0 | AQ258: 0 | AR258: 0 | AS258: 0 | AT258: 0 | AU258: 0 | AV258: 0 | AW258: 0 | AX258: 0 | AY258: 0 | AZ258: 0 | BA258: 0 | BB258: 0 | BC258: 0 | BD258: 0 | BE258: 0 | BF258: 0 | BG258: 0 | BH258: 0 | BI258: 0 | BJ258: 0 | BK258: 0 | BL258: 0 | BM258: 0 | BN258: 0 | BO258: 0 | BP258: 0 | BQ258: 0 | BR258: 0 | BS258: 0 | BT258: 0 | BU258: 0 | BV258: 0 | BW258: 0 | BX258: 0 | BY258: 0 | BZ258: 0 | CA258: 0 | CB258: 0 | CC258: 0 | CD258: 0 | CE258: 0 | CF258: 0 | CG258: 0 | CH258: 0 | CI258: 0 | CJ258: 0 | CK258: 0 | CL258: 0 | CM258: 0 | CN258: 0 | CO258: 0 | CP258: 0 | CQ258: 0 | CR258: 0 | CS258: 0 | CT258: 0 | CU258: 0 | CV258: 0 | CW258: 0 | CX258: 0 | CY258: 0 | CZ258: 0 | DA258: 0 | DB258: 0 | DC258: 0 | DD258: 0 | DE258: 0 | DF258: 0 | DG258: 0 | DH258: 0 | DI258: 0 | DJ258: 0 | DK258: 0 | DL258: 0 | DM258: 0 | DN258: 0 | DO258: 0 | DP258: 0 | DQ258: 0 | DR258: 0 | DS258: 0 | DT258: 0 | DU258: 0 | DV258: 0 | DW258: 0 | DX258: 0 | DY258: 0 | DZ258: 0 | EA258: 0 | EB258: 0 | EC258: 0 | ED258: 0 | EE258: 0 | EF258: 0 | EG258: 0 | EH258: 0 | EI258: 0 | EJ258: 0 | EK258: 0 | EL258: 0 | EM258: 0 | EN258: 0 | EO258: 0 | EP258: 0 | EQ258: 0 | ER258: 0 | ES258: 0 | ET258: 0 | EU258: 0 | EV258: 0 | EW258: 0 | EX258: 0 | EY258: 0 | EZ258: 0 | FA258: 0 | FB258: 0 | FC258: 0 | FD258: 0 | FE258: 0 | FF258: 0 | FG258: 0 | FH258: 0 | FI258: 0 | FJ258: 0 | FK258: 0 | FL258: 0 | FM258: 0 | FN258: 0 | FO258: 0 | FP258: 0 | FQ258: 0 | FR258: 0 | FS258: 0 | FT258: 0 | FU258: 0 | FV258: 0 | FW258: 0 | FX258: 0 | FY258: 0 | FZ258: 0 | GA258: 0 | GB258: 0 | GC258: 0 | GD258: 0 | GE258: 0 | GF258: 0 | GG258: 0 | GH258: 0 | GI258: 0 | GJ258: 0 | GK258: 0 | GL258: 0 | GM258: 0 | GN258: 0 | GO258: 0 | GP258: 0 | GQ258: 0
A259: 210 | B259: ARIZONA BEEF BURGER | C259: 2 | D259: 0 | E259: 0 | F259: 0 | G259: 0 | H259: 0 | I259: 0 | J259: 0 | K259: 0 | L259: 0 | M259: 0 | N259: 0 | O259: 0 | P259: 0 | Q259: 0 | R259: 0 | S259: 0 | T259: 0 | U259: 0 | V259: 0 | W259: 0 | X259: 0 | Y259: 0 | Z259: 0 | AA259: 0 | AB259: 0 | AC259: 0 | AD259: 0 | AE259: 0 | AF259: 0 | AG259: 0 | AH259: 0 | AI259: 0 | AJ259: 0 | AK259: 0 | AL259: 0 | AM259: 0 | AN259: 0 | AO259: 0 | AP259: 0 | AQ259: 0 | AR259: 0 | AS259: 0 | AT259: 0 | AU259: 0 | AV259: 0 | AW259: 0 | AX259: 0 | AY259: 0 | AZ259: 0 | BA259: 0 | BB259: 0 | BC259: 0 | BD259: 0 | BE259: 0 | BF259: 0 | BG259: 0 | BH259: 0 | BI259: 0 | BJ259: 0 | BK259: 0 | BL259: 0 | BM259: 0 | BN259: 0 | BO259: 0 | BP259: 0 | BQ259: 0 | BR259: 0 | BS259: 0 | BT259: 0 | BU259: 0 | BV259: 0 | BW259: 0 | BX259: 0 | BY259: 0 | BZ259: 0 | CA259: 0 | CB259: 0 | CC259: 0 | CD259: 0 | CE259: 0 | CF259: 0 | CG259: 0 | CH259: 0 | CI259: 0 | CJ259: 0 | CK259: 0 | CL259: 0 | CM259: 0 | CN259: 0 | CO259: 0 | CP259: 0 | CQ259: 0 | CR259: 0 | CS259: 0 | CT259: 0 | CU259: 0 | CV259: 0 | CW259: 0 | CX259: 0 | CY259: 0 | CZ259: 0 | DA259: 0 | DB259: 0 | DC259: 0 | DD259: 0 | DE259: 0 | DF259: 0 | DG259: 0 | DH259: 0 | DI259: 0 | DJ259: 0 | DK259: 0 | DL259: 0 | DM259: 0 | DN259: 0 | DO259: 0 | DP259: 0 | DQ259: 0 | DR259: 0 | DS259: 0 | DT259: 0 | DU259: 0 | DV259: 0 | DW259: 0 | DX259: 0 | DY259: 0 | DZ259: 0 | EA259: 0 | EB259: 0 | EC259: 0 | ED259: 0 | EE259: 0 | EF259: 0 | EG259: 0 | EH259: 0 | EI259: 0 | EJ259: 0 | EK259: 0 | EL259: 0 | EM259: 0 | EN259: 0 | EO259: 0 | EP259: 0 | EQ259: 0 | ER259: 0 | ES259: 0 | ET259: 0 | EU259: 0 | EV259: 0 | EW259: 0 | EX259: 0 | EY259: 0 | EZ259: 0 | FA259: 0 | FB259: 0 | FC259: 0 | FD259: 0 | FE259: 0 | FF259: 0 | FG259: 0 | FH259: 0 | FI259: 0 | FJ259: 0 | FK259: 0 | FL259: 0 | FM259: 0 | FN259: 0 | FO259: 0 | FP259: 0 | FQ259: 0 | FR259: 0 | FS259: 0 | FT259: 0 | FU259: 0 | FV259: 0 | FW259: 0 | FX259: 0 | FY259: 0 | FZ259: 0 | GA259: 0 | GB259: 0 | GC259: 0 | GD259: 0 | GE259: 0 | GF259: 0 | GG259: 0 | GH259: 0 | GI259: 0 | GJ259: 0 | GK259: 0 | GL259: 0 | GM259: 0 | GN259: 0 | GO259: 0 | GP259: 0 | GQ259: 0
A260: 210 | B260: LONG SHEEP CASINGS | C260: 2 | D260: 0 | E260: 0 | F260: 0 | G260: 0 | H260: 0 | I260: 0 | J260: 0 | K260: 0 | L260: 0 | M260: 0 | N260: 0 | O260: 0 | P260: 0 | Q260: 0 | R260: 0 | S260: 0 | T260: 0 | U260: 0 | V260: 0 | W260: 0 | X260: 0 | Y260: 0 | Z260: 0 | AA260: 0 | AB260: 0 | AC260: 0 | AD260: 0 | AE260: 0 | AF260: 0 | AG260: 0 | AH260: 0 | AI260: 0 | AJ260: 0 | AK260: 0 | AL260: 0 | AM260: 0 | AN260: 0 | AO260: 0 | AP260: 0 | AQ260: 0 | AR260: 0 | AS260: 0 | AT260: 0 | AU260: 0 | AV260: 0 | AW260: 0 | AX260: 0 | AY260: 0 | AZ260: 0 | BA260: 0 | BB260: 0 | BC260: 0 | BD260: 0 | BE260: 0 | BF260: 0 | BG260: 0 | BH260: 0 | BI260: 0 | BJ260: 0 | BK260: 0 | BL260: 0 | BM260: 0 | BN260: 0 | BO260: 0 | BP260: 0 | BQ260: 0 | BR260: 0 | BS260: 0 | BT260: 0 | BU260: 0 | BV260: 0 | BW260: 0 | BX260: 0 | BY260: 0 | BZ260: 0 | CA260: 0 | CB260: 0 | CC260: 0 | CD260: 0 | CE260: 0 | CF260: 0 | CG260: 0 | CH260: 0 | CI260: 0 | CJ260: 0 | CK260: 0 | CL260: 0 | CM260: 0 | CN260: 0 | CO260: 0 | CP260: 0 | CQ260: 0 | CR260: 0 | CS260: 0 | CT260: 0 | CU260: 0 | CV260: 0 | CW260: 0 | CX260: 0 | CY260: 0 | CZ260: 0 | DA260: 0 | DB260: 0 | DC260: 0 | DD260: 0 | DE260: 0 | DF260: 0 | DG260: 0 | DH260: 0 | DI260: 0 | DJ260: 0 | DK260: 0 | DL260: 0 | DM260: 0 | DN260: 0 | DO260: 0 | DP260: 0 | DQ260: 0 | DR260: 0 | DS260: 0 | DT260: 0 | DU260: 0 | DV260: 0 | DW260: 0 | DX260: 0 | DY260: 0 | DZ260: 0 | EA260: 0 | EB260: 0 | EC260: 0 | ED260: 0 | EE260: 0 | EF260: 0 | EG260: 0 | EH260: 0 | EI260: 0 | EJ260: 0 | EK260: 0 | EL260: 0 | EM260: 0 | EN260: 0 | EO260: 0 | EP260: 0 | EQ260: 0 | ER260: 0 | ES260: 0 | ET260: 0 | EU260: 0 | EV260: 0 | EW260: 0 | EX260: 0 | EY260: 0 | EZ260: 0 | FA260: 0 | FB260: 0 | FC260: 0 | FD260: 0 | FE260: 0 | FF260: 0 | FG260: 0 | FH260: 0 | FI260: 0 | FJ260: 0 | FK260: 0 | FL260: 0 | FM260: 0 | FN260: 0 | FO260: 0 | FP260: 0 | FQ260: 0 | FR260: 0 | FS260: 0 | FT260: 0 | FU260: 0 | FV260: 0 | FW260: 0 | FX260: 0 | FY260: 0 | FZ260: 0 | GA260: 0 | GB260: 0 | GC260: 0 | GD260: 0 | GE260: 0 | GF260: 0 | GG260: 0 | GH260: 0 | GI260: 0 | GJ260: 0 | GK260: 0 | GL260: 0 | GM260: 0 | GN260: 0 | GO260: 0 | GP260: 0 | GQ260: 0
A261: 210 | B261: GROUND BEEF 1KG | C261: 2 | D261: 0 | E261: 0 | F261: 0 | G261: 0 | H261: 0 | I261: 0 | J261: 0 | K261: 0 | L261: 0 | M261: 0 | N261: 0 | O261: 0 | P261: 0 | Q261: 0 | R261: 0 | S261: 0 | T261: 0 | U261: 0 | V261: 0 | W261: 0 | X261: 0 | Y261: 0 | Z261: 0 | AA261: 0 | AB261: 0 | AC261: 0 | AD261: 0 | AE261: 0 | AF261: 0 | AG261: 0 | AH261: 0 | AI261: 0 | AJ261: 0 | AK261: 0 | AL261: 0 | AM261: 0 | AN261: 0 | AO261: 0 | AP261: 0 | AQ261: 0 | AR261: 0 | AS261: 0 | AT261: 0 | AU261: 0 | AV261: 0 | AW261: 0 | AX261: 0 | AY261: 0 | AZ261: 0 | BA261: 0 | BB261: 0 | BC261: 0 | BD261: 0 | BE261: 0 | BF261: 0 | BG261: 0 | BH261: 0 | BI261: 0 | BJ261: 0 | BK261: 0 | BL261: 0 | BM261: 0 | BN261: 0 | BO261: 0 | BP261: 0 | BQ261: 0 | BR261: 0 | BS261: 0 | BT261: 0 | BU261: 0 | BV261: 0 | BW261: 0 | BX261: 0 | BY261: 0 | BZ261: 0 | CA261: 0 | CB261: 0 | CC261: 0 | CD261: 0 | CE261: 0 | CF261: 0 | CG261: 0 | CH261: 0 | CI261: 0 | CJ261: 0 | CK261: 0 | CL261: 0 | CM261: 0 | CN261: 0 | CO261: 0 | CP261: 0 | CQ261: 0 | CR261: 0 | CS261: 0 | CT261: 0 | CU261: 0 | CV261: 0 | CW261: 0 | CX261: 0 | CY261: 0 | CZ261: 0 | DA261: 0 | DB261: 0 | DC261: 0 | DD261: 0 | DE261: 0 | DF261: 0 | DG261: 0 | DH261: 0 | DI261: 0 | DJ261: 0 | DK261: 0 | DL261: 0 | DM261: 0 | DN261: 0 | DO261: 0 | DP261: 0 | DQ261: 0 | DR261: 0 | DS261: 0 | DT261: 0 | DU261: 0 | DV261: 0 | DW261: 0 | DX261: 0 | DY261: 0 | DZ261: 0 | EA261: 0 | EB261: 0 | EC261: 0 | ED261: 0 | EE261: 0 | EF261: 0 | EG261: 0 | EH261: 0 | EI261: 0 | EJ261: 0 | EK261: 0 | EL261: 0 | EM261: 0 | EN261: 0 | EO261: 0 | EP261: 0 | EQ261: 0 | ER261: 0 | ES261: 0 | ET261: 0 | EU261: 0 | EV261: 0 | EW261: 0 | EX261: 0 | EY261: 0 | EZ261: 0 | FA261: 0 | FB261: 0 | FC261: 0 | FD261: 0 | FE261: 0 | FF261: 0 | FG261: 0 | FH261: 0 | FI261: 0 | FJ261: 0 | FK261: 0 | FL261: 0 | FM261: 0 | FN261: 0 | FO261: 0 | FP261: 0 | FQ261: 0 | FR261: 0 | FS261: 0 | FT261: 0 | FU261: 0 | FV261: 0 | FW261: 0 | FX261: 0 | FY261: 0 | FZ261: 0 | GA261: 0 | GB261: 0 | GC261: 0 | GD261: 0 | GE261: 0 | GF261: 0 | GG261: 0 | GH261: 0 | GI261: 0 | GJ261: 0 | GK261: 0 | GL261: 0 | GM261: 0 | GN261: 0 | GO261: 0 | GP261: 0 | GQ261: 0
A262: 210 | B262: HONEY & MUSTARD MARINADE | C262: 2 | D262: 0 | E262: 0 | F262: 0 | G262: 0 | H262: 0 | I262: 0 | J262: 0 | K262: 0 | L262: 0 | M262: 0 | N262: 0 | O262: 0 | P262: 0 | Q262: 0 | R262: 0 | S262: 0 | T262: 0 | U262: 0 | V262: 0 | W262: 0 | X262: 0 | Y262: 0 | Z262: 0 | AA262: 0 | AB262: 0 | AC262: 0 | AD262: 0 | AE262: 0 | AF262: 0 | AG262: 0 | AH262: 0 | AI262: 0 | AJ262: 0 | AK262: 0 | AL262: 0 | AM262: 0 | AN262: 0 | AO262: 0 | AP262: 0 | AQ262: 0 | AR262: 0 | AS262: 0 | AT262: 0 | AU262: 0 | AV262: 0 | AW262: 0 | AX262: 0 | AY262: 0 | AZ262: 0 | BA262: 0 | BB262: 0 | BC262: 0 | BD262: 0 | BE262: 0 | BF262: 0 | BG262: 0 | BH262: 0 | BI262: 0 | BJ262: 0 | BK262: 0 | BL262: 0 | BM262: 0 | BN262: 0 | BO262: 0 | BP262: 0 | BQ262: 0 | BR262: 0 | BS262: 0 | BT262: 0 | BU262: 0 | BV262: 0 | BW262: 0 | BX262: 0 | BY262: 0 | BZ262: 0 | CA262: 0 | CB262: 0 | CC262: 0 | CD262: 0 | CE262: 0 | CF262: 0 | CG262: 0 | CH262: 0 | CI262: 0 | CJ262: 0 | CK262: 0 | CL262: 0 | CM262: 0 | CN262: 0 | CO262: 0 | CP262: 0 | CQ262: 0 | CR262: 0 | CS262: 0 | CT262: 0 | CU262: 0 | CV262: 0 | CW262: 0 | CX262: 0 | CY262: 0 | CZ262: 0 | DA262: 0 | DB262: 0 | DC262: 0 | DD262: 0 | DE262: 0 | DF262: 0 | DG262: 0 | DH262: 0 | DI262: 0 | DJ262: 0 | DK262: 0 | DL262: 0 | DM262: 0 | DN262: 0 | DO262: 0 | DP262: 0 | DQ262: 0 | DR262: 0 | DS262: 0 | DT262: 0 | DU262: 0 | DV262: 0 | DW262: 0 | DX262: 0 | DY262: 0 | DZ262: 0 | EA262: 0 | EB262: 0 | EC262: 0 | ED262: 0 | EE262: 0 | EF262: 0 | EG262: 0 | EH262: 0 | EI262: 0 | EJ262: 0 | EK262: 0 | EL262: 0 | EM262: 0 | EN262: 0 | EO262: 0 | EP262: 0 | EQ262: 0 | ER262: 0 | ES262: 0 | ET262: 0 | EU262: 0 | EV262: 0 | EW262: 0 | EX262: 0 | EY262: 0 | EZ262: 0 | FA262: 0 | FB262: 0 | FC262: 0 | FD262: 0 | FE262: 0 | FF262: 0 | FG262: 0 | FH262: 0 | FI262: 0 | FJ262: 0 | FK262: 0 | FL262: 0 | FM262: 0 | FN262: 0 | FO262: 0 | FP262: 0 | FQ262: 0 | FR262: 0 | FS262: 0 | FT262: 0 | FU262: 0 | FV262: 0 | FW262: 0 | FX262: 0 | FY262: 0 | FZ262: 0 | GA262: 0 | GB262: 0 | GC262: 0 | GD262: 0 | GE262: 0 | GF262: 0 | GG262: 0 | GH262: 0 | GI262: 0 | GJ262: 0 | GK262: 0 | GL262: 0 | GM262: 0 | GN262: 0 | GO262: 0 | GP262: 0 | GQ262: 0
A263: 210 | B263: LEMON & HERB MARINADE | C263: 2 | D263: 0 | E263: 0 | F263: 0 | G263: 0 | H263: 0 | I263: 0 | J263: 0 | K263: 0 | L263: 0 | M263: 0 | N263: 0 | O263: 0 | P263: 0 | Q263: 0 | R263: 0 | S263: 0 | T263: 0 | U263: 0 | V263: 0 | W263: 0 | X263: 0 | Y263: 0 | Z263: 0 | AA263: 0 | AB263: 0 | AC263: 0 | AD263: 0 | AE263: 0 | AF263: 0 | AG263: 0 | AH263: 0 | AI263: 0 | AJ263: 0 | AK263: 0 | AL263: 0 | AM263: 0 | AN263: 0 | AO263: 0 | AP263: 0 | AQ263: 0 | AR263: 0 | AS263: 0 | AT263: 0 | AU263: 0 | AV263: 0 | AW263: 0 | AX263: 0 | AY263: 0 | AZ263: 0 | BA263: 0 | BB263: 0 | BC263: 0 | BD263: 0 | BE263: 0 | BF263: 0 | BG263: 0 | BH263: 0 | BI263: 0 | BJ263: 0 | BK263: 0 | BL263: 0 | BM263: 0 | BN263: 0 | BO263: 0 | BP263: 0 | BQ263: 0 | BR263: 0 | BS263: 0 | BT263: 0 | BU263: 0 | BV263: 0 | BW263: 0 | BX263: 0 | BY263: 0 | BZ263: 0 | CA263: 0 | CB263: 0 | CC263: 0 | CD263: 0 | CE263: 0 | CF263: 0 | CG263: 0 | CH263: 0 | CI263: 0 | CJ263: 0 | CK263: 0 | CL263: 0 | CM263: 0 | CN263: 0 | CO263: 0 | CP263: 0 | CQ263: 0 | CR263: 0 | CS263: 0 | CT263: 0 | CU263: 0 | CV263: 0 | CW263: 0 | CX263: 0 | CY263: 0 | CZ263: 0 | DA263: 0 | DB263: 0 | DC263: 0 | DD263: 0 | DE263: 0 | DF263: 0 | DG263: 0 | DH263: 0 | DI263: 0 | DJ263: 0 | DK263: 0 | DL263: 0 | DM263: 0 | DN263: 0 | DO263: 0 | DP263: 0 | DQ263: 0 | DR263: 0 | DS263: 0 | DT263: 0 | DU263: 0 | DV263: 0 | DW263: 0 | DX263: 0 | DY263: 0 | DZ263: 0 | EA263: 0 | EB263: 0 | EC263: 0 | ED263: 0 | EE263: 0 | EF263: 0 | EG263: 0 | EH263: 0 | EI263: 0 | EJ263: 0 | EK263: 0 | EL263: 0 | EM263: 0 | EN263: 0 | EO263: 0 | EP263: 0 | EQ263: 0 | ER263: 0 | ES263: 0 | ET263: 0 | EU263: 0 | EV263: 0 | EW263: 0 | EX263: 0 | EY263: 0 | EZ263: 0 | FA263: 0 | FB263: 0 | FC263: 0 | FD263: 0 | FE263: 0 | FF263: 0 | FG263: 0 | FH263: 0 | FI263: 0 | FJ263: 0 | FK263: 0 | FL263: 0 | FM263: 0 | FN263: 0 | FO263: 0 | FP263: 0 | FQ263: 0 | FR263: 0 | FS263: 0 | FT263: 0 | FU263: 0 | FV263: 0 | FW263: 0 | FX263: 0 | FY263: 0 | FZ263: 0 | GA263: 0 | GB263: 0 | GC263: 0 | GD263: 0 | GE263: 0 | GF263: 0 | GG263: 0 | GH263: 0 | GI263: 0 | GJ263: 0 | GK263: 0 | GL263: 0 | GM263: 0 | GN263: 0 | GO263: 0 | GP263: 0 | GQ263: 0
A264: 210 | B264: CHILLIES CRUSHED | C264: 2 | D264: 0 | E264: 0 | F264: 0 | G264: 0 | H264: 0 | I264: 0 | J264: 0 | K264: 0 | L264: 0 | M264: 0 | N264: 0 | O264: 0 | P264: 0 | Q264: 0 | R264: 0 | S264: 0 | T264: 0 | U264: 0 | V264: 0 | W264: 0 | X264: 0 | Y264: 0 | Z264: 0 | AA264: 0 | AB264: 0 | AC264: 0 | AD264: 0 | AE264: 0 | AF264: 0 | AG264: 0 | AH264: 0 | AI264: 0 | AJ264: 0 | AK264: 0 | AL264: 0 | AM264: 0 | AN264: 0 | AO264: 0 | AP264: 0 | AQ264: 0 | AR264: 0 | AS264: 0 | AT264: 0 | AU264: 0 | AV264: 0 | AW264: 0 | AX264: 0 | AY264: 0 | AZ264: 0 | BA264: 0 | BB264: 0 | BC264: 0 | BD264: 0 | BE264: 0 | BF264: 0 | BG264: 0 | BH264: 0 | BI264: 0 | BJ264: 0 | BK264: 0 | BL264: 0 | BM264: 0 | BN264: 0 | BO264: 0 | BP264: 0 | BQ264: 0 | BR264: 0 | BS264: 0 | BT264: 0 | BU264: 0 | BV264: 0 | BW264: 0 | BX264: 0 | BY264: 0 | BZ264: 0 | CA264: 0 | CB264: 0 | CC264: 0 | CD264: 0 | CE264: 0 | CF264: 0 | CG264: 0 | CH264: 0 | CI264: 0 | CJ264: 0 | CK264: 0 | CL264: 0 | CM264: 0 | CN264: 0 | CO264: 0 | CP264: 0 | CQ264: 0 | CR264: 0 | CS264: 0 | CT264: 0 | CU264: 0 | CV264: 0 | CW264: 0 | CX264: 0 | CY264: 0 | CZ264: 0 | DA264: 0 | DB264: 0 | DC264: 0 | DD264: 0 | DE264: 0 | DF264: 0 | DG264: 0 | DH264: 0 | DI264: 0 | DJ264: 0 | DK264: 0 | DL264: 0 | DM264: 0 | DN264: 0 | DO264: 0 | DP264: 0 | DQ264: 0 | DR264: 0 | DS264: 0 | DT264: 0 | DU264: 0 | DV264: 0 | DW264: 0 | DX264: 0 | DY264: 0 | DZ264: 0 | EA264: 0 | EB264: 0 | EC264: 0 | ED264: 0 | EE264: 0 | EF264: 0 | EG264: 0 | EH264: 0 | EI264: 0 | EJ264: 0 | EK264: 0 | EL264: 0 | EM264: 0 | EN264: 0 | EO264: 0 | EP264: 0 | EQ264: 0 | ER264: 0 | ES264: 0 | ET264: 0 | EU264: 0 | EV264: 0 | EW264: 0 | EX264: 0 | EY264: 0 | EZ264: 0 | FA264: 0 | FB264: 0 | FC264: 0 | FD264: 0 | FE264: 0 | FF264: 0 | FG264: 0 | FH264: 0 | FI264: 0 | FJ264: 0 | FK264: 0 | FL264: 0 | FM264: 0 | FN264: 0 | FO264: 0 | FP264: 0 | FQ264: 0 | FR264: 0 | FS264: 0 | FT264: 0 | FU264: 0 | FV264: 0 | FW264: 0 | FX264: 0 | FY264: 0 | FZ264: 0 | GA264: 0 | GB264: 0 | GC264: 0 | GD264: 0 | GE264: 0 | GF264: 0 | GG264: 0 | GH264: 0 | GI264: 0 | GJ264: 0 | GK264: 0 | GL264: 0 | GM264: 0 | GN264: 0 | GO264: 0 | GP264: 0 | GQ264: 0
A265: 210 | B265: HONEY GLAZE | C265: 2 | D265: 0 | E265: 0 | F265: 0 | G265: 0 | H265: 0 | I265: 0 | J265: 0 | K265: 0 | L265: 0 | M265: 0 | N265: 0 | O265: 0 | P265: 0 | Q265: 0 | R265: 0 | S265: 0 | T265: 0 | U265: 0 | V265: 0 | W265: 0 | X265: 0 | Y265: 0 | Z265: 0 | AA265: 0 | AB265: 0 | AC265: 0 | AD265: 0 | AE265: 0 | AF265: 0 | AG265: 0 | AH265: 0 | AI265: 0 | AJ265: 0 | AK265: 0 | AL265: 0 | AM265: 0 | AN265: 0 | AO265: 0 | AP265: 0 | AQ265: 0 | AR265: 0 | AS265: 0 | AT265: 0 | AU265: 0 | AV265: 0 | AW265: 0 | AX265: 0 | AY265: 0 | AZ265: 0 | BA265: 0 | BB265: 0 | BC265: 0 | BD265: 0 | BE265: 0 | BF265: 0 | BG265: 0 | BH265: 0 | BI265: 0 | BJ265: 0 | BK265: 0 | BL265: 0 | BM265: 0 | BN265: 0 | BO265: 0 | BP265: 0 | BQ265: 0 | BR265: 0 | BS265: 0 | BT265: 0 | BU265: 0 | BV265: 0 | BW265: 0 | BX265: 0 | BY265: 0 | BZ265: 0 | CA265: 0 | CB265: 0 | CC265: 0 | CD265: 0 | CE265: 0 | CF265: 0 | CG265: 0 | CH265: 0 | CI265: 0 | CJ265: 0 | CK265: 0 | CL265: 0 | CM265: 0 | CN265: 0 | CO265: 0 | CP265: 0 | CQ265: 0 | CR265: 0 | CS265: 0 | CT265: 0 | CU265: 0 | CV265: 0 | CW265: 0 | CX265: 0 | CY265: 0 | CZ265: 0 | DA265: 0 | DB265: 0 | DC265: 0 | DD265: 0 | DE265: 0 | DF265: 0 | DG265: 0 | DH265: 0 | DI265: 0 | DJ265: 0 | DK265: 0 | DL265: 0 | DM265: 0 | DN265: 0 | DO265: 0 | DP265: 0 | DQ265: 0 | DR265: 0 | DS265: 0 | DT265: 0 | DU265: 0 | DV265: 0 | DW265: 0 | DX265: 0 | DY265: 0 | DZ265: 0 | EA265: 0 | EB265: 0 | EC265: 0 | ED265: 0 | EE265: 0 | EF265: 0 | EG265: 0 | EH265: 0 | EI265: 0 | EJ265: 0 | EK265: 0 | EL265: 0 | EM265: 0 | EN265: 0 | EO265: 0 | EP265: 0 | EQ265: 0 | ER265: 0 | ES265: 0 | ET265: 0 | EU265: 0 | EV265: 0 | EW265: 0 | EX265: 0 | EY265: 0 | EZ265: 0 | FA265: 0 | FB265: 0 | FC265: 0 | FD265: 0 | FE265: 0 | FF265: 0 | FG265: 0 | FH265: 0 | FI265: 0 | FJ265: 0 | FK265: 0 | FL265: 0 | FM265: 0 | FN265: 0 | FO265: 0 | FP265: 0 | FQ265: 0 | FR265: 0 | FS265: 0 | FT265: 0 | FU265: 0 | FV265: 0 | FW265: 0 | FX265: 0 | FY265: 0 | FZ265: 0 | GA265: 0 | GB265: 0 | GC265: 0 | GD265: 0 | GE265: 0 | GF265: 0 | GG265: 0 | GH265: 0 | GI265: 0 | GJ265: 0 | GK265: 0 | GL265: 0 | GM265: 0 | GN265: 0 | GO265: 0 | GP265: 0 | GQ265: 0
A266: 210 | B266: CASINGS 170X50 CLEAR | C266: 2 | D266: 0 | E266: 0 | F266: 0 | G266: 0 | H266: 0 | I266: 0 | J266: 0 | K266: 0 | L266: 0 | M266: 0 | N266: 0 | O266: 0 | P266: 0 | Q266: 0 | R266: 0 | S266: 0 | T266: 0 | U266: 0 | V266: 0 | W266: 0 | X266: 0 | Y266: 0 | Z266: 0 | AA266: 0 | AB266: 0 | AC266: 0 | AD266: 0 | AE266: 0 | AF266: 0 | AG266: 0 | AH266: 0 | AI266: 0 | AJ266: 0 | AK266: 0 | AL266: 0 | AM266: 0 | AN266: 0 | AO266: 0 | AP266: 0 | AQ266: 0 | AR266: 0 | AS266: 0 | AT266: 0 | AU266: 0 | AV266: 0 | AW266: 0 | AX266: 0 | AY266: 0 | AZ266: 0 | BA266: 0 | BB266: 0 | BC266: 0 | BD266: 0 | BE266: 0 | BF266: 0 | BG266: 0 | BH266: 0 | BI266: 0 | BJ266: 0 | BK266: 0 | BL266: 0 | BM266: 0 | BN266: 0 | BO266: 0 | BP266: 0 | BQ266: 0 | BR266: 0 | BS266: 0 | BT266: 0 | BU266: 0 | BV266: 0 | BW266: 0 | BX266: 0 | BY266: 0 | BZ266: 0 | CA266: 0 | CB266: 0 | CC266: 0 | CD266: 0 | CE266: 0 | CF266: 0 | CG266: 0 | CH266: 0 | CI266: 0 | CJ266: 0 | CK266: 0 | CL266: 0 | CM266: 0 | CN266: 0 | CO266: 0 | CP266: 0 | CQ266: 0 | CR266: 0 | CS266: 0 | CT266: 0 | CU266: 0 | CV266: 0 | CW266: 0 | CX266: 0 | CY266: 0 | CZ266: 0 | DA266: 0 | DB266: 0 | DC266: 0 | DD266: 0 | DE266: 0 | DF266: 0 | DG266: 0 | DH266: 0 | DI266: 0 | DJ266: 0 | DK266: 0 | DL266: 0 | DM266: 0 | DN266: 0 | DO266: 0 | DP266: 0 | DQ266: 0 | DR266: 0 | DS266: 0 | DT266: 0 | DU266: 0 | DV266: 0 | DW266: 0 | DX266: 0 | DY266: 0 | DZ266: 0 | EA266: 0 | EB266: 0 | EC266: 0 | ED266: 0 | EE266: 0 | EF266: 0 | EG266: 0 | EH266: 0 | EI266: 0 | EJ266: 0 | EK266: 0 | EL266: 0 | EM266: 0 | EN266: 0 | EO266: 0 | EP266: 0 | EQ266: 0 | ER266: 0 | ES266: 0 | ET266: 0 | EU266: 0 | EV266: 0 | EW266: 0 | EX266: 0 | EY266: 0 | EZ266: 0 | FA266: 0 | FB266: 0 | FC266: 0 | FD266: 0 | FE266: 0 | FF266: 0 | FG266: 0 | FH266: 0 | FI266: 0 | FJ266: 0 | FK266: 0 | FL266: 0 | FM266: 0 | FN266: 0 | FO266: 0 | FP266: 0 | FQ266: 0 | FR266: 0 | FS266: 0 | FT266: 0 | FU266: 0 | FV266: 0 | FW266: 0 | FX266: 0 | FY266: 0 | FZ266: 0 | GA266: 0 | GB266: 0 | GC266: 0 | GD266: 0 | GE266: 0 | GF266: 0 | GG266: 0 | GH266: 0 | GI266: 0 | GJ266: 0 | GK266: 0 | GL266: 0 | GM266: 0 | GN266: 0 | GO266: 0 | GP266: 0 | GQ266: 0
... A327: 210 | B327: BROWN VINEGAR | C327: 2 | D327: 0 | E327: 0 | F327: 0 | G327: 0 | H327: 0 | I327: 0 | J327: 0 | K327: 0 | L327: 0 | M327: 0 | N327: 0 | O327: 0 | P327: 0 | Q327: 0 | R327: 0 | S327: 0 | T327: 0 | U327: 0 | V327: 0 | W327: 0 | X327: 0 | Y327: 0 | Z327: 0 | AA327: 0 | AB327: 0 | AC327: 0 | AD327: 0 | AE327: 0 | AF327: 0 | AG327: 0 | AH327: 0 | AI327: 0 | AJ327: 0 | AK327: 0 | AL327: 0 | AM327: 0 | AN327: 0 | AO327: 0 | AP327: 0 | AQ327: 0 | AR327: 0 | AS327: 0 | AT327: 0 | AU327: 0 | AV327: 0 | AW327: 0 | AX327: 0 | AY327: 0 | AZ327: 0 | BA327: 0 | BB327: 0 | BC327: 0 | BD327: 0 | BE327: 0 | BF327: 0 | BG327: 0 | BH327: 0 | BI327: 0 | BJ327: 0 | BK327: 0 | BL327: 0 | BM327: 0 | BN327: 0 | BO327: 0 | BP327: 0 | BQ327: 0 | BR327: 0 | BS327: 0 | BT327: 0 | BU327: 0 | BV327: 0 | BW327: 0 | BX327: 0 | BY327: 0 | BZ327: 0 | CA327: 0 | CB327: 0 | CC327: 0 | CD327: 0 | CE327: 0 | CF327: 0 | CG327: 0 | CH327: 0 | CI327: 0 | CJ327: 0 | CK327: 0 | CL327: 0 | CM327: 0 | CN327: 0 | CO327: 0 | CP327: 0 | CQ327: 0 | CR327: 0 | CS327: 0 | CT327: 0 | CU327: 0 | CV327: 0 | CW327: 0 | CX327: 0 | CY327: 0 | CZ327: 0 | DA327: 0 | DB327: 0 | DC327: 0 | DD327: 0 | DE327: 0 | DF327: 0 | DG327: 0 | DH327: 0 | DI327: 0 | DJ327: 0 | DK327: 0 | DL327: 0 | DM327: 0 | DN327: 0 | DO327: 0 | DP327: 0 | DQ327: 0 | DR327: 0 | DS327: 0 | DT327: 0 | DU327: 0 | DV327: 0 | DW327: 0 | DX327: 0 | DY327: 0 | DZ327: 0 | EA327: 0 | EB327: 0 | EC327: 0 | ED327: 0 | EE327: 0 | EF327: 0 | EG327: 0 | EH327: 0 | EI327: 0 | EJ327: 0 | EK327: 0 | EL327: 0 | EM327: 0 | EN327: 0 | EO327: 0 | EP327: 0 | EQ327: 0 | ER327: 0 | ES327: 0 | ET327: 0 | EU327: 0 | EV327: 0 | EW327: 0 | EX327: 0 | EY327: 0 | EZ327: 0 | FA327: 0 | FB327: 0 | FC327: 0 | FD327: 0 | FE327: 0 | FF327: 0 | FG327: 0 | FH327: 0 | FI327: 0 | FJ327: 0 | FK327: 0 | FL327: 0 | FM327: 0 | FN327: 0 | FO327: 0 | FP327: 0 | FQ327: 0 | FR327: 0 | FS327: 0 | FT327: 0 | FU327: 0 | FV327: 0 | FW327: 0 | FX327: 0 | FY327: 0 | FZ327: 0 | GA327: 0 | GB327: 0 | GC327: 0 | GD327: 0 | GE327: 0 | GF327: 0 | GG327: 0 | GH327: 0 | GI327: 0 | GJ327: 0 | GK327: 0 | GL327: 0 | GM327: 0 | GN327: 0 | GO327: 0 | GP327: 0 | GQ327: 0
A328: 204 | B328: 1 | C328: 2 | D328: 0 | E328: 0 | F328: 0 | G328: 0 | H328: 0 | I328: 0 | J328: 0 | K328: 0 | L328: 0 | M328: 0 | N328: 0 | O328: 0 | P328: 0 | Q328: 0 | R328: 0 | S328: 0 | T328: 0 | U328: 0 | V328: 0 | W328: 0 | X328: 0 | Y328: 0 | Z328: 0 | AA328: 0 | AB328: 0 | AC328: 0 | AD328: 0 | AE328: 0 | AF328: 0 | AG328: 0 | AH328: 0 | AI328: 0 | AJ328: 0 | AK328: 0 | AL328: 0 | AM328: 0 | AN328: 0 | AO328: 0 | AP328: 0 | AQ328: 0 | AR328: 0 | AS328: 0 | AT328: 0 | AU328: 0 | AV328: 0 | AW328: 0 | AX328: 0 | AY328: 0 | AZ328: 0 | BA328: 0 | BB328: 0 | BC328: 0 | BD328: 0 | BE328: 0 | BF328: 0 | BG328: 0 | BH328: 0 | BI328: 0 | BJ328: 0 | BK328: 0 | BL328: 0 | BM328: 0 | BN328: 0 | BO328: 0 | BP328: 0 | BQ328: 0 | BR328: 0 | BS328: 0 | BT328: 0 | BU328: 0 | BV328: 0 | BW328: 0 | BX328: 0 | BY328: 0 | BZ328: 0 | CA328: 0 | CB328: 0 | CC328: 0 | CD328: 0 | CE328: 0 | CF328: 0 | CG328: 0 | CH328: 0 | CI328: 0 | CJ328: 0 | CK328: 0 | CL328: 0 | CM328: 0 | CN328: 0 | CO328: 0 | CP328: 0 | CQ328: 0 | CR328: 0 | CS328: 0 | CT328: 0 | CU328: 0 | CV328: 0 | CW328: 0 | CX328: 0 | CY328: 0 | CZ328: 0 | DA328: 0 | DB328: 0 | DC328: 0 | DD328: 0 | DE328: 0 | DF328: 0 | DG328: 0 | DH328: 0 | DI328: 0 | DJ328: 0 | DK328: 0 | DL328: 0 | DM328: 0 | DN328: 0 | DO328: 0 | DP328: 0 | DQ328: 0 | DR328: 0 | DS328: 0 | DT328: 0 | DU328: 0 | DV328: 0 | DW328: 0 | DX328: 0 | DY328: 0 | DZ328: 0 | EA328: 0 | EB328: 0 | EC328: 0 | ED328: 0 | EE328: 0 | EF328: 0 | EG328: 0 | EH328: 0 | EI328: 0 | EJ328: 0 | EK328: 0 | EL328: 0 | EM328: 0 | EN328: 0 | EO328: 0 | EP328: 0 | EQ328: 0 | ER328: 0 | ES328: 0 | ET328: 0 | EU328: 0 | EV328: 0 | EW328: 0 | EX328: 0 | EY328: 0 | EZ328: 0 | FA328: 0 | FB328: 0 | FC328: 0 | FD328: 0 | FE328: 0 | FF328: 0 | FG328: 0 | FH328: 0 | FI328: 0 | FJ328: 0 | FK328: 0 | FL328: 0 | FM328: 0 | FN328: 0 | FO328: 0 | FP328: 0 | FQ328: 0 | FR328: 0 | FS328: 0 | FT328: 0 | FU328: 0 | FV328: 0 | FW328: 0 | FX328: 0 | FY328: 0 | FZ328: 0 | GA328: 0 | GB328: 0 | GC328: 0 | GD328: 0 | GE328: 0 | GF328: 0 | GG328: 0 | GH328: 0 | GI328: 0 | GJ328: 0 | GK328: 0 | GL328: 0 | GM328: 0 | GN328: 0 | GO328: 0 | GP328: 0 | GQ328: 0
A329: 204 | B329: WHOLE LAMB | C329: 2 | D329: 0 | E329: 0 | F329: 0 | G329: 0 | H329: 0 | I329: 0 | J329: 0 | K329: 0 | L329: 0 | M329: 0 | N329: 0 | O329: 0 | P329: 0 | Q329: 0 | R329: 0 | S329: 0 | T329: 0 | U329: 0 | V329: 0 | W329: 0 | X329: 0 | Y329: 0 | Z329: 0 | AA329: 0 | AB329: 0 | AC329: 0 | AD329: 0 | AE329: 0 | AF329: 0 | AG329: 0 | AH329: 0 | AI329: 0 | AJ329: 0 | AK329: 0 | AL329: 0 | AM329: 0 | AN329: 0 | AO329: 0 | AP329: 0 | AQ329: 0 | AR329: 0 | AS329: 0 | AT329: 0 | AU329: 0 | AV329: 0 | AW329: 0 | AX329: 0 | AY329: 0 | AZ329: 0 | BA329: 0 | BB329: 0 | BC329: 0 | BD329: 0 | BE329: 0 | BF329: 0 | BG329: 0 | BH329: 0 | BI329: 0 | BJ329: 0 | BK329: 0 | BL329: 0 | BM329: 0 | BN329: 0 | BO329: 0 | BP329: 0 | BQ329: 0 | BR329: 0 | BS329: 0 | BT329: 0 | BU329: 0 | BV329: 0 | BW329: 0 | BX329: 0 | BY329: 0 | BZ329: 0 | CA329: 0 | CB329: 0 | CC329: 0 | CD329: 0 | CE329: 0 | CF329: 0 | CG329: 0 | CH329: 0 | CI329: 0 | CJ329: 0 | CK329: 0 | CL329: 0 | CM329: 0 | CN329: 0 | CO329: 0 | CP329: 0 | CQ329: 0 | CR329: 0 | CS329: 0 | CT329: 0 | CU329: 0 | CV329: 0 | CW329: 0 | CX329: 0 | CY329: 0 | CZ329: 0 | DA329: 0 | DB329: 0 | DC329: 0 | DD329: 0 | DE329: 0 | DF329: 0 | DG329: 0 | DH329: 0 | DI329: 0 | DJ329: 0 | DK329: 0 | DL329: 0 | DM329: 0 | DN329: 0 | DO329: 0 | DP329: 0 | DQ329: 0 | DR329: 0 | DS329: 0 | DT329: 0 | DU329: 0 | DV329: 0 | DW329: 0 | DX329: 0 | DY329: 0 | DZ329: 0 | EA329: 0 | EB329: 0 | EC329: 0 | ED329: 0 | EE329: 0 | EF329: 0 | EG329: 0 | EH329: 0 | EI329: 0 | EJ329: 0 | EK329: 0 | EL329: 0 | EM329: 0 | EN329: 0 | EO329: 0 | EP329: 0 | EQ329: 0 | ER329: 0 | ES329: 0 | ET329: 0 | EU329: 0 | EV329: 0 | EW329: 0 | EX329: 0 | EY329: 0 | EZ329: 0 | FA329: 0 | FB329: 0 | FC329: 0 | FD329: 0 | FE329: 0 | FF329: 0 | FG329: 0 | FH329: 0 | FI329: 0 | FJ329: 0 | FK329: 0 | FL329: 0 | FM329: 0 | FN329: 0 | FO329: 0 | FP329: 0 | FQ329: 0 | FR329: 0 | FS329: 0 | FT329: 0 | FU329: 0 | FV329: 0 | FW329: 0 | FX329: 0 | FY329: 0 | FZ329: 0 | GA329: 0 | GB329: 0 | GC329: 0 | GD329: 0 | GE329: 0 | GF329: 0 | GG329: 0 | GH329: 0 | GI329: 0 | GJ329: 0 | GK329: 0 | GL329: 0 | GM329: 0 | GN329: 0 | GO329: 0 | GP329: 0 | GQ329: 0
A330: 210 | B330: CHAKALAKA WORS SPICE PACK | C330: 2 | D330: 0 | E330: 0 | F330: 0 | G330: 0 | H330: 0 | I330: 0 | J330: 0 | K330: 0 | L330: 0 | M330: 0 | N330: 0 | O330: 0 | P330: 0 | Q330: 0 | R330: 0 | S330: 0 | T330: 0 | U330: 0 | V330: 0 | W330: 0 | X330: 0 | Y330: 0 | Z330: 0 | AA330: 0 | AB330: 0 | AC330: 0 | AD330: 0 | AE330: 0 | AF330: 0 | AG330: 0 | AH330: 0 | AI330: 0 | AJ330: 0 | AK330: 0 | AL330: 0 | AM330: 0 | AN330: 0 | AO330: 0 | AP330: 0 | AQ330: 0 | AR330: 0 | AS330: 0 | AT330: 0 | AU330: 0 | AV330: 0 | AW330: 0 | AX330: 0 | AY330: 0 | AZ330: 0 | BA330: 0 | BB330: 0 | BC330: 0 | BD330: 0 | BE330: 0 | BF330: 0 | BG330: 0 | BH330: 0 | BI330: 0 | BJ330: 0 | BK330: 0 | BL330: 0 | BM330: 0 | BN330: 0 | BO330: 0 | BP330: 0 | BQ330: 0 | BR330: 0 | BS330: 0 | BT330: 0 | BU330: 0 | BV330: 0 | BW330: 0 | BX330: 0 | BY330: 0 | BZ330: 0 | CA330: 0 | CB330: 0 | CC330: 0 | CD330: 0 | CE330: 0 | CF330: 0 | CG330: 0 | CH330: 0 | CI330: 0 | CJ330: 0 | CK330: 0 | CL330: 0 | CM330: 0 | CN330: 0 | CO330: 0 | CP330: 0 | CQ330: 0 | CR330: 0 | CS330: 0 | CT330: 0 | CU330: 0 | CV330: 0 | CW330: 0 | CX330: 0 | CY330: 0 | CZ330: 0 | DA330: 0 | DB330: 0 | DC330: 0 | DD330: 0 | DE330: 0 | DF330: 0 | DG330: 0 | DH330: 0 | DI330: 0 | DJ330: 0 | DK330: 0 | DL330: 0 | DM330: 0 | DN330: 0 | DO330: 0 | DP330: 0 | DQ330: 0 | DR330: 0 | DS330: 0 | DT330: 0 | DU330: 0 | DV330: 0 | DW330: 0 | DX330: 0 | DY330: 0 | DZ330: 0 | EA330: 0 | EB330: 0 | EC330: 0 | ED330: 0 | EE330: 0 | EF330: 0 | EG330: 0 | EH330: 0 | EI330: 0 | EJ330: 0 | EK330: 0 | EL330: 0 | EM330: 0 | EN330: 0 | EO330: 0 | EP330: 0 | EQ330: 0 | ER330: 0 | ES330: 0 | ET330: 0 | EU330: 0 | EV330: 0 | EW330: 0 | EX330: 0 | EY330: 0 | EZ330: 0 | FA330: 0 | FB330: 0 | FC330: 0 | FD330: 0 | FE330: 0 | FF330: 0 | FG330: 0 | FH330: 0 | FI330: 0 | FJ330: 0 | FK330: 0 | FL330: 0 | FM330: 0 | FN330: 0 | FO330: 0 | FP330: 0 | FQ330: 0 | FR330: 0 | FS330: 0 | FT330: 0 | FU330: 0 | FV330: 0 | FW330: 0 | FX330: 0 | FY330: 0 | FZ330: 0 | GA330: 0 | GB330: 0 | GC330: 0 | GD330: 0 | GE330: 0 | GF330: 0 | GG330: 0 | GH330: 0 | GI330: 0 | GJ330: 0 | GK330: 0 | GL330: 0 | GM330: 0 | GN330: 0 | GO330: 0 | GP330: 0 | GQ330: 0
A331: 210 | B331: DUBAI BRAAI SPICE | C331: 2 | D331: 0 | E331: 0 | F331: 0 | G331: 0 | H331: 0 | I331: 0 | J331: 0 | K331: 0 | L331: 0 | M331: 0 | N331: 0 | O331: 0 | P331: 0 | Q331: 0 | R331: 0 | S331: 0 | T331: 0 | U331: 0 | V331: 0 | W331: 0 | X331: 0 | Y331: 0 | Z331: 0 | AA331: 0 | AB331: 0 | AC331: 0 | AD331: 0 | AE331: 0 | AF331: 0 | AG331: 0 | AH331: 0 | AI331: 0 | AJ331: 0 | AK331: 0 | AL331: 0 | AM331: 0 | AN331: 0 | AO331: 0 | AP331: 0 | AQ331: 0 | AR331: 0 | AS331: 0 | AT331: 0 | AU331: 0 | AV331: 0 | AW331: 0 | AX331: 0 | AY331: 0 | AZ331: 0 | BA331: 0 | BB331: 0 | BC331: 0 | BD331: 0 | BE331: 0 | BF331: 0 | BG331: 0 | BH331: 0 | BI331: 0 | BJ331: 0 | BK331: 0 | BL331: 0 | BM331: 0 | BN331: 0 | BO331: 0 | BP331: 0 | BQ331: 0 | BR331: 0 | BS331: 0 | BT331: 0 | BU331: 0 | BV331: 0 | BW331: 0 | BX331: 0 | BY331: 0 | BZ331: 0 | CA331: 0 | CB331: 0 | CC331: 0 | CD331: 0 | CE331: 0 | CF331: 0 | CG331: 0 | CH331: 0 | CI331: 0 | CJ331: 0 | CK331: 0 | CL331: 0 | CM331: 0 | CN331: 0 | CO331: 0 | CP331: 0 | CQ331: 0 | CR331: 0 | CS331: 0 | CT331: 0 | CU331: 0 | CV331: 0 | CW331: 0 | CX331: 0 | CY331: 0 | CZ331: 0 | DA331: 0 | DB331: 0 | DC331: 0 | DD331: 0 | DE331: 0 | DF331: 0 | DG331: 0 | DH331: 0 | DI331: 0 | DJ331: 0 | DK331: 0 | DL331: 0 | DM331: 0 | DN331: 0 | DO331: 0 | DP331: 0 | DQ331: 0 | DR331: 0 | DS331: 0 | DT331: 0 | DU331: 0 | DV331: 0 | DW331: 0 | DX331: 0 | DY331: 0 | DZ331: 0 | EA331: 0 | EB331: 0 | EC331: 0 | ED331: 0 | EE331: 0 | EF331: 0 | EG331: 0 | EH331: 0 | EI331: 0 | EJ331: 0 | EK331: 0 | EL331: 0 | EM331: 0 | EN331: 0 | EO331: 0 | EP331: 0 | EQ331: 0 | ER331: 0 | ES331: 0 | ET331: 0 | EU331: 0 | EV331: 0 | EW331: 0 | EX331: 0 | EY331: 0 | EZ331: 0 | FA331: 0 | FB331: 0 | FC331: 0 | FD331: 0 | FE331: 0 | FF331: 0 | FG331: 0 | FH331: 0 | FI331: 0 | FJ331: 0 | FK331: 0 | FL331: 0 | FM331: 0 | FN331: 0 | FO331: 0 | FP331: 0 | FQ331: 0 | FR331: 0 | FS331: 0 | FT331: 0 | FU331: 0 | FV331: 0 | FW331: 0 | FX331: 0 | FY331: 0 | FZ331: 0 | GA331: 0 | GB331: 0 | GC331: 0 | GD331: 0 | GE331: 0 | GF331: 0 | GG331: 0 | GH331: 0 | GI331: 0 | GJ331: 0 | GK331: 0 | GL331: 0 | GM331: 0 | GN331: 0 | GO331: 0 | GP331: 0 | GQ331: 0
A332: 2327 | B332: CHIC BRAAI PK 14 P | C332: 24 | D332: 0 | E332: 0 | F332: 0 | G332: 0 | H332: 0 | I332: 0 | J332: 0 | K332: 0 | L332: 0 | M332: 0 | N332: 0 | O332: 0 | P332: 0 | Q332: 0 | R332: 0 | S332: 0 | T332: 0 | U332: 0 | V332: 0 | W332: 0 | X332: 0 | Y332: 0 | Z332: 0 | AA332: 0 | AB332: 0 | AC332: 0 | AD332: 0 | AE332: 0 | AF332: 0 | AG332: 0 | AH332: 0 | AI332: 0 | AJ332: 0 | AK332: 0 | AL332: 0 | AM332: 0 | AN332: 0 | AO332: 0 | AP332: 0 | AQ332: 0 | AR332: 0 | AS332: 0 | AT332: 0 | AU332: 0 | AV332: 0 | AW332: 0 | AX332: 0 | AY332: 0 | AZ332: 0 | BA332: 0 | BB332: 0 | BC332: 0 | BD332: 0 | BE332: 0 | BF332: 0 | BG332: 0 | BH332: 0 | BI332: 0 | BJ332: 0 | BK332: 0 | BL332: 0 | BM332: 0 | BN332: 0 | BO332: 0 | BP332: 0 | BQ332: 0 | BR332: 0 | BS332: 0 | BT332: 0 | BU332: 0 | BV332: 0 | BW332: 0 | BX332: 0 | BY332: 0 | BZ332: 0 | CA332: 0 | CB332: 0 | CC332: 0 | CD332: 0 | CE332: 0 | CF332: 0 | CG332: 0 | CH332: 0 | CI332: 0 | CJ332: 0 | CK332: 0 | CL332: 0 | CM332: 0 | CN332: 0 | CO332: 0 | CP332: 0 | CQ332: 0 | CR332: 0 | CS332: 0 | CT332: 0 | CU332: 0 | CV332: 0 | CW332: 0 | CX332: 0 | CY332: 0 | CZ332: 0 | DA332: 0 | DB332: 0 | DC332: 0 | DD332: 0 | DE332: 0 | DF332: 0 | DG332: 0 | DH332: 0 | DI332: 0 | DJ332: 0 | DK332: 0 | DL332: 0 | DM332: 0 | DN332: 0 | DO332: 0 | DP332: 0 | DQ332: 0 | DR332: 0 | DS332: 0 | DT332: 0 | DU332: 0 | DV332: 0 | DW332: 0 | DX332: 0 | DY332: 0 | DZ332: 0 | EA332: 0 | EB332: 0 | EC332: 0 | ED332: 0 | EE332: 0 | EF332: 0 | EG332: 0 | EH332: 0 | EI332: 0 | EJ332: 0 | EK332: 0 | EL332: 0 | EM332: 0 | EN332: 0 | EO332: 0 | EP332: 0 | EQ332: 0 | ER332: 0 | ES332: 0 | ET332: 0 | EU332: 0 | EV332: 0 | EW332: 0 | EX332: 0 | EY332: 0 | EZ332: 0 | FA332: 0 | FB332: 0 | FC332: 0 | FD332: 0 | FE332: 0 | FF332: 0 | FG332: 0 | FH332: 0 | FI332: 0 | FJ332: 0 | FK332: 0 | FL332: 0 | FM332: 0 | FN332: 0 | FO332: 0 | FP332: 0 | FQ332: 0 | FR332: 0 | FS332: 0 | FT332: 0 | FU332: 0 | FV332: 0 | FW332: 0 | FX332: 0 | FY332: 0 | FZ332: 0 | GA332: 0 | GB332: 0 | GC332: 0 | GD332: 0 | GE332: 0 | GF332: 0 | GG332: 0 | GH332: 0 | GI332: 0 | GJ332: 0 | GK332: 0 | GL332: 0 | GM332: 0 | GN332: 0 | GO332: 0 | GP332: 0 | GQ332: 0
A333: 224 | B333: ELIM SALAMI STICKS | C333: 2 | D333: 0 | E333: 0 | F333: 0 | G333: 0 | H333: 0 | I333: 0 | J333: 0 | K333: 0 | L333: 0 | M333: 0 | N333: 0 | O333: 0 | P333: 0 | Q333: 0 | R333: 0 | S333: 0 | T333: 0 | U333: 0 | V333: 0 | W333: 0 | X333: 0 | Y333: 0 | Z333: 0 | AA333: 0 | AB333: 0 | AC333: 0 | AD333: 0 | AE333: 0 | AF333: 0 | AG333: 0 | AH333: 0 | AI333: 0 | AJ333: 0 | AK333: 0 | AL333: 0 | AM333: 0 | AN333: 0 | AO333: 0 | AP333: 0 | AQ333: 0 | AR333: 0 | AS333: 0 | AT333: 0 | AU333: 0 | AV333: 0 | AW333: 0 | AX333: 0 | AY333: 0 | AZ333: 0 | BA333: 0 | BB333: 0 | BC333: 0 | BD333: 0 | BE333: 0 | BF333: 0 | BG333: 0 | BH333: 0 | BI333: 0 | BJ333: 0 | BK333: 0 | BL333: 0 | BM333: 0 | BN333: 0 | BO333: 0 | BP333: 0 | BQ333: 0 | BR333: 0 | BS333: 0 | BT333: 0 | BU333: 0 | BV333: 0 | BW333: 0 | BX333: 0 | BY333: 0 | BZ333: 0 | CA333: 0 | CB333: 0 | CC333: 0 | CD333: 0 | CE333: 0 | CF333: 0 | CG333: 0 | CH333: 0 | CI333: 0 | CJ333: 0 | CK333: 0 | CL333: 0 | CM333: 0 | CN333: 0 | CO333: 0 | CP333: 0 | CQ333: 0 | CR333: 0 | CS333: 0 | CT333: 0 | CU333: 0 | CV333: 0 | CW333: 0 | CX333: 0 | CY333: 0 | CZ333: 0 | DA333: 0 | DB333: 0 | DC333: 0 | DD333: 0 | DE333: 0 | DF333: 0 | DG333: 0 | DH333: 0 | DI333: 0 | DJ333: 0 | DK333: 0 | DL333: 0 | DM333: 0 | DN333: 0 | DO333: 0 | DP333: 0 | DQ333: 0 | DR333: 0 | DS333: 0 | DT333: 0 | DU333: 0 | DV333: 0 | DW333: 0 | DX333: 0 | DY333: 0 | DZ333: 0 | EA333: 0 | EB333: 0 | EC333: 0 | ED333: 0 | EE333: 0 | EF333: 0 | EG333: 0 | EH333: 0 | EI333: 0 | EJ333: 0 | EK333: 0 | EL333: 0 | EM333: 0 | EN333: 0 | EO333: 0 | EP333: 0 | EQ333: 0 | ER333: 0 | ES333: 0 | ET333: 0 | EU333: 0 | EV333: 0 | EW333: 0 | EX333: 0 | EY333: 0 | EZ333: 0 | FA333: 0 | FB333: 0 | FC333: 0 | FD333: 0 | FE333: 0 | FF333: 0 | FG333: 0 | FH333: 0 | FI333: 0 | FJ333: 0 | FK333: 0 | FL333: 0 | FM333: 0 | FN333: 0 | FO333: 0 | FP333: 0 | FQ333: 0 | FR333: 0 | FS333: 0 | FT333: 0 | FU333: 0 | FV333: 0 | FW333: 0 | FX333: 0 | FY333: 0 | FZ333: 0 | GA333: 0 | GB333: 0 | GC333: 0 | GD333: 0 | GE333: 0 | GF333: 0 | GG333: 0 | GH333: 0 | GI333: 0 | GJ333: 0 | GK333: 0 | GL333: 0 | GM333: 0 | GN333: 0 | GO333: 0 | GP333: 0 | GQ333: 0
A334: 2327 | B334: S/CHUNKY MANGO & CHUTNEY | C334: 24 | D334: 0 | E334: 0 | F334: 0 | G334: 0 | H334: 0 | I334: 0 | J334: 0 | K334: 0 | L334: 0 | M334: 0 | N334: 0 | O334: 0 | P334: 0 | Q334: 0 | R334: 0 | S334: 0 | T334: 0 | U334: 0 | V334: 0 | W334: 0 | X334: 0 | Y334: 0 | Z334: 0 | AA334: 0 | AB334: 0 | AC334: 0 | AD334: 0 | AE334: 0 | AF334: 0 | AG334: 0 | AH334: 0 | AI334: 0 | AJ334: 0 | AK334: 0 | AL334: 0 | AM334: 0 | AN334: 0 | AO334: 0 | AP334: 0 | AQ334: 0 | AR334: 0 | AS334: 0 | AT334: 0 | AU334: 0 | AV334: 0 | AW334: 0 | AX334: 0 | AY334: 0 | AZ334: 0 | BA334: 0 | BB334: 0 | BC334: 0 | BD334: 0 | BE334: 0 | BF334: 0 | BG334: 0 | BH334: 0 | BI334: 0 | BJ334: 0 | BK334: 0 | BL334: 0 | BM334: 0 | BN334: 0 | BO334: 0 | BP334: 0 | BQ334: 0 | BR334: 0 | BS334: 0 | BT334: 0 | BU334: 0 | BV334: 0 | BW334: 0 | BX334: 0 | BY334: 0 | BZ334: 0 | CA334: 0 | CB334: 0 | CC334: 0 | CD334: 0 | CE334: 0 | CF334: 0 | CG334: 0 | CH334: 0 | CI334: 0 | CJ334: 0 | CK334: 0 | CL334: 0 | CM334: 0 | CN334: 0 | CO334: 0 | CP334: 0 | CQ334: 0 | CR334: 0 | CS334: 0 | CT334: 0 | CU334: 0 | CV334: 0 | CW334: 0 | CX334: 0 | CY334: 0 | CZ334: 0 | DA334: 0 | DB334: 0 | DC334: 0 | DD334: 0 | DE334: 0 | DF334: 0 | DG334: 0 | DH334: 0 | DI334: 0 | DJ334: 0 | DK334: 0 | DL334: 0 | DM334: 0 | DN334: 0 | DO334: 0 | DP334: 0 | DQ334: 0 | DR334: 0 | DS334: 0 | DT334: 0 | DU334: 0 | DV334: 0 | DW334: 0 | DX334: 0 | DY334: 0 | DZ334: 0 | EA334: 0 | EB334: 0 | EC334: 0 | ED334: 0 | EE334: 0 | EF334: 0 | EG334: 0 | EH334: 0 | EI334: 0 | EJ334: 0 | EK334: 0 | EL334: 0 | EM334: 0 | EN334: 0 | EO334: 0 | EP334: 0 | EQ334: 0 | ER334: 0 | ES334: 0 | ET334: 0 | EU334: 0 | EV334: 0 | EW334: 0 | EX334: 0 | EY334: 0 | EZ334: 0 | FA334: 0 | FB334: 0 | FC334: 0 | FD334: 0 | FE334: 0 | FF334: 0 | FG334: 0 | FH334: 0 | FI334: 0 | FJ334: 0 | FK334: 0 | FL334: 0 | FM334: 0 | FN334: 0 | FO334: 0 | FP334: 0 | FQ334: 0 | FR334: 0 | FS334: 0 | FT334: 0 | FU334: 0 | FV334: 0 | FW334: 0 | FX334: 0 | FY334: 0 | FZ334: 0 | GA334: 0 | GB334: 0 | GC334: 0 | GD334: 0 | GE334: 0 | GF334: 0 | GG334: 0 | GH334: 0 | GI334: 0 | GJ334: 0 | GK334: 0 | GL334: 0 | GM334: 0 | GN334: 0 | GO334: 0 | GP334: 0 | GQ334: 0
A335: 2327 | B335: S/CHUNKY PERI PERI IRR | C335: 24 | D335: 0 | E335: 0 | F335: 0 | G335: 0 | H335: 0 | I335: 0 | J335: 0 | K335: 0 | L335: 0 | M335: 0 | N335: 0 | O335: 0 | P335: 0 | Q335: 0 | R335: 0 | S335: 0 | T335: 0 | U335: 0 | V335: 0 | W335: 0 | X335: 0 | Y335: 0 | Z335: 0 | AA335: 0 | AB335: 0 | AC335: 0 | AD335: 0 | AE335: 0 | AF335: 0 | AG335: 0 | AH335: 0 | AI335: 0 | AJ335: 0 | AK335: 0 | AL335: 0 | AM335: 0 | AN335: 0 | AO335: 0 | AP335: 0 | AQ335: 0 | AR335: 0 | AS335: 0 | AT335: 0 | AU335: 0 | AV335: 0 | AW335: 0 | AX335: 0 | AY335: 0 | AZ335: 0 | BA335: 0 | BB335: 0 | BC335: 0 | BD335: 0 | BE335: 0 | BF335: 0 | BG335: 0 | BH335: 0 | BI335: 0 | BJ335: 0 | BK335: 0 | BL335: 0 | BM335: 0 | BN335: 0 | BO335: 0 | BP335: 0 | BQ335: 0 | BR335: 0 | BS335: 0 | BT335: 0 | BU335: 0 | BV335: 0 | BW335: 0 | BX335: 0 | BY335: 0 | BZ335: 0 | CA335: 0 | CB335: 0 | CC335: 0 | CD335: 0 | CE335: 0 | CF335: 0 | CG335: 0 | CH335: 0 | CI335: 0 | CJ335: 0 | CK335: 0 | CL335: 0 | CM335: 0 | CN335: 0 | CO335: 0 | CP335: 0 | CQ335: 0 | CR335: 0 | CS335: 0 | CT335: 0 | CU335: 0 | CV335: 0 | CW335: 0 | CX335: 0 | CY335: 0 | CZ335: 0 | DA335: 0 | DB335: 0 | DC335: 0 | DD335: 0 | DE335: 0 | DF335: 0 | DG335: 0 | DH335: 0 | DI335: 0 | DJ335: 0 | DK335: 0 | DL335: 0 | DM335: 0 | DN335: 0 | DO335: 0 | DP335: 0 | DQ335: 0 | DR335: 0 | DS335: 0 | DT335: 0 | DU335: 0 | DV335: 0 | DW335: 0 | DX335: 0 | DY335: 0 | DZ335: 0 | EA335: 0 | EB335: 0 | EC335: 0 | ED335: 0 | EE335: 0 | EF335: 0 | EG335: 0 | EH335: 0 | EI335: 0 | EJ335: 0 | EK335: 0 | EL335: 0 | EM335: 0 | EN335: 0 | EO335: 0 | EP335: 0 | EQ335: 0 | ER335: 0 | ES335: 0 | ET335: 0 | EU335: 0 | EV335: 0 | EW335: 0 | EX335: 0 | EY335: 0 | EZ335: 0 | FA335: 0 | FB335: 0 | FC335: 0 | FD335: 0 | FE335: 0 | FF335: 0 | FG335: 0 | FH335: 0 | FI335: 0 | FJ335: 0 | FK335: 0 | FL335: 0 | FM335: 0 | FN335: 0 | FO335: 0 | FP335: 0 | FQ335: 0 | FR335: 0 | FS335: 0 | FT335: 0 | FU335: 0 | FV335: 0 | FW335: 0 | FX335: 0 | FY335: 0 | FZ335: 0 | GA335: 0 | GB335: 0 | GC335: 0 | GD335: 0 | GE335: 0 | GF335: 0 | GG335: 0 | GH335: 0 | GI335: 0 | GJ335: 0 | GK335: 0 | GL335: 0 | GM335: 0 | GN335: 0 | GO335: 0 | GP335: 0 | GQ335: 0
A336: 216 | B336: CHEESE BURGER | C336: 2 | D336: 0 | E336: 0 | F336: 0 | G336: 0 | H336: 0 | I336: 0 | J336: 0 | K336: 0 | L336: 0 | M336: 0 | N336: 0 | O336: 0 | P336: 0 | Q336: 0 | R336: 0 | S336: 0 | T336: 0 | U336: 0 | V336: 0 | W336: 0 | X336: 0 | Y336: 0 | Z336: 0 | AA336: 0 | AB336: 0 | AC336: 0 | AD336: 0 | AE336: 0 | AF336: 0 | AG336: 0 | AH336: 0 | AI336: 0 | AJ336: 0 | AK336: 0 | AL336: 0 | AM336: 0 | AN336: 0 | AO336: 0 | AP336: 0 | AQ336: 0 | AR336: 0 | AS336: 0 | AT336: 0 | AU336: 0 | AV336: 0 | AW336: 0 | AX336: 0 | AY336: 0 | AZ336: 0 | BA336: 0 | BB336: 0 | BC336: 0 | BD336: 0 | BE336: 0 | BF336: 0 | BG336: 0 | BH336: 0 | BI336: 0 | BJ336: 0 | BK336: 0 | BL336: 0 | BM336: 0 | BN336: 0 | BO336: 0 | BP336: 0 | BQ336: 0 | BR336: 0 | BS336: 0 | BT336: 0 | BU336: 0 | BV336: 0 | BW336: 0 | BX336: 0 | BY336: 0 | BZ336: 0 | CA336: 0 | CB336: 0 | CC336: 0 | CD336: 0 | CE336: 0 | CF336: 0 | CG336: 0 | CH336: 0 | CI336: 0 | CJ336: 0 | CK336: 0 | CL336: 0 | CM336: 0 | CN336: 0 | CO336: 0 | CP336: 0 | CQ336: 0 | CR336: 0 | CS336: 0 | CT336: 0 | CU336: 0 | CV336: 0 | CW336: 0 | CX336: 0 | CY336: 0 | CZ336: 0 | DA336: 0 | DB336: 0 | DC336: 0 | DD336: 0 | DE336: 0 | DF336: 0 | DG336: 0 | DH336: 0 | DI336: 0 | DJ336: 0 | DK336: 0 | DL336: 0 | DM336: 0 | DN336: 0 | DO336: 0 | DP336: 0 | DQ336: 0 | DR336: 0 | DS336: 0 | DT336: 0 | DU336: 0 | DV336: 0 | DW336: 0 | DX336: 0 | DY336: 0 | DZ336: 0 | EA336: 0 | EB336: 0 | EC336: 0 | ED336: 0 | EE336: 0 | EF336: 0 | EG336: 0 | EH336: 0 | EI336: 0 | EJ336: 0 | EK336: 0 | EL336: 0 | EM336: 0 | EN336: 0 | EO336: 0 | EP336: 0 | EQ336: 0 | ER336: 0 | ES336: 0 | ET336: 0 | EU336: 0 | EV336: 0 | EW336: 0 | EX336: 0 | EY336: 0 | EZ336: 0 | FA336: 0 | FB336: 0 | FC336: 0 | FD336: 0 | FE336: 0 | FF336: 0 | FG336: 0 | FH336: 0 | FI336: 0 | FJ336: 0 | FK336: 0 | FL336: 0 | FM336: 0 | FN336: 0 | FO336: 0 | FP336: 0 | FQ336: 0 | FR336: 0 | FS336: 0 | FT336: 0 | FU336: 0 | FV336: 0 | FW336: 0 | FX336: 0 | FY336: 0 | FZ336: 0 | GA336: 0 | GB336: 0 | GC336: 0 | GD336: 0 | GE336: 0 | GF336: 0 | GG336: 0 | GH336: 0 | GI336: 0 | GJ336: 0 | GK336: 0 | GL336: 0 | GM336: 0 | GN336: 0 | GO336: 0 | GP336: 0 | GQ336: 0
A337: 204 | B337: LAMB STEW | C337: 2 | D337: 0 | E337: 0 | F337: 120.89565 | G337: 0.79 | H337: 0 | I337: 0 | J337: 0 | K337: 0 | L337: 143.54783 | M337: 0.938 | N337: 247.6087 | O337: 1.618 | P337: 93.347826 | Q337: 0.61 | R337: 0 | S337: 0 | T337: 109.26957 | U337: 0.714 | V337: 75.904348 | W337: 0.496 | X337: 0 | Y337: 0 | Z337: 0 | AA337: 0 | AB337: 97.330435 | AC337: 0.636 | AD337: 201.70435 | AE337: 1.318 | AF337: 0 | AG337: 0 | AH337: 0 | AI337: 0 | AJ337: 104.98261 | AK337: 0.686 | AL337: 89.678261 | AM337: 0.586 | AN337: 0 | AO337: 0 | AP337: 0 | AQ337: 0 | AR337: 136.2 | AS337: 0.89 | AT337: 146.30435 | AU337: 0.956 | AV337: 0 | AW337: 0 | AX337: 0 | AY337: 0 | AZ337: 224.66087 | BA337: 1.468 | BB337: 0 | BC337: 0 | BD337: 201.08696 | BE337: 1.314 | BF337: 318.31304 | BG337: 2.08 | BH337: 198.63478 | BI337: 1.298 | BJ337: 374.01739 | BK337: 2.444 | BL337: 74.373913 | BM337: 0.486 | BN337: 71.930435 | BO337: 0.47 | BP337: 0 | BQ337: 0 | BR337: 87.53913 | BS337: 0.572 | BT337: 0 | BU337: 0 | BV337: 0 | BW337: 0 | BX337: 0 | BY337: 0 | BZ337: 0 | CA337: 0 | CB337: 0 | CC337: 0 | CD337: 0 | CE337: 0 | CF337: 0 | CG337: 0 | CH337: 0 | CI337: 0 | CJ337: 167.11304 | CK337: 1.092 | CL337: 0 | CM337: 0 | CN337: 0 | CO337: 0 | CP337: 101.61739 | CQ337: 0.664 | CR337: 78.66087 | CS337: 0.514 | CT337: 112.63478 | CU337: 0.736 | CV337: 83.556522 | CW337: 0.546 | CX337: 0 | CY337: 0 | CZ337: 124.26087 | DA337: 0.812 | DB337: 0 | DC337: 0 | DD337: 0 | DE337: 0 | DF337: 89.982609 | DG337: 0.588 | DH337: 0 | DI337: 0 | DJ337: 95.495652 | DK337: 0.624 | DL337: 0 | DM337: 0 | DN337: 0 | DO337: 0 | DP337: 96.721739 | DQ337: 0.632 | DR337: 0 | DS337: 0 | DT337: 317.3913 | DU337: 2.074 | DV337: 204.14783 | DW337: 1.334 | DX337: 217 | DY337: 1.418 | DZ337: 0 | EA337: 0 | EB337: 0 | EC337: 0 | ED337: 0 | EE337: 0 | EF337: 0 | EG337: 0 | EH337: 249.44348 | EI337: 1.63 | EJ337: 238.12174 | EK337: 1.556 | EL337: 0 | EM337: 0 | EN337: 0 | EO337: 0 | EP337: 221.28696 | EQ337: 1.446 | ER337: 0 | ES337: 0 | ET337: 114.77391 | EU337: 0.75 | EV337: 0 | EW337: 0 | EX337: 401.55652 | EY337: 2.624 | EZ337: 0 | FA337: 0 | FB337: 321.67826 | FC337: 2.102 | FD337: 98.556522 | FE337: 0.644 | FF337: 0 | FG337: 0 | FH337: 0 | FI337: 0 | FJ337: 0 | FK337: 0 | FL337: 0 | FM337: 0 | FN337: 377.34783 | FO337: 2.63 | FP337: 88.956522 | FQ337: 0.62 | FR337: 90.391304 | FS337: 0.63 | FT337: 190.53913 | FU337: 1.328 | FV337: 0 | FW337: 0 | FX337: 0 | FY337: 0 | FZ337: 61.695652 | GA337: 0.43 | GB337: 0 | GC337: 0 | GD337: 0 | GE337: 0 | GF337: 0 | GG337: 0 | GH337: 129.21739 | GI337: 0.948 | GJ337: 229.56522 | GK337: 1.6 | GL337: 0 | GM337: 0 | GN337: 0 | GO337: 0 | GP337: 274.04348 | GQ337: 1.91
A338: 216 | B338: GROUND BEEF '100' 52968 | C338: 2 | D338: 0 | E338: 0 | F338: 0 | G338: 0 | H338: 0 | I338: 0 | J338: 0 | K338: 0 | L338: 0 | M338: 0 | N338: 0 | O338: 0 | P338: 0 | Q338: 0 | R338: 0 | S338: 0 | T338: 0 | U338: 0 | V338: 0 | W338: 0 | X338: 0 | Y338: 0 | Z338: 0 | AA338: 0 | AB338: 0 | AC338: 0 | AD338: 0 | AE338: 0 | AF338: 0 | AG338: 0 | AH338: 0 | AI338: 0 | AJ338: 0 | AK338: 0 | AL338: 0 | AM338: 0 | AN338: 0 | AO338: 0 | AP338: 0 | AQ338: 0 | AR338: 0 | AS338: 0 | AT338: 0 | AU338: 0 | AV338: 0 | AW338: 0 | AX338: 0 | AY338: 0 | AZ338: 0 | BA338: 0 | BB338: 0 | BC338: 0 | BD338: 0 | BE338: 0 | BF338: 0 | BG338: 0 | BH338: 0 | BI338: 0 | BJ338: 0 | BK338: 0 | BL338: 0 | BM338: 0 | BN338: 0 | BO338: 0 | BP338: 0 | BQ338: 0 | BR338: 0 | BS338: 0 | BT338: 0 | BU338: 0 | BV338: 0 | BW338: 0 | BX338: 0 | BY338: 0 | BZ338: 0 | CA338: 0 | CB338: 0 | CC338: 0 | CD338: 0 | CE338: 0 | CF338: 0 | CG338: 0 | CH338: 0 | CI338: 0 | CJ338: 0 | CK338: 0 | CL338: 0 | CM338: 0 | CN338: 0 | CO338: 0 | CP338: 0 | CQ338: 0 | CR338: 0 | CS338: 0 | CT338: 0 | CU338: 0 | CV338: 0 | CW338: 0 | CX338: 0 | CY338: 0 | CZ338: 0 | DA338: 0 | DB338: 0 | DC338: 0 | DD338: 0 | DE338: 0 | DF338: 0 | DG338: 0 | DH338: 0 | DI338: 0 | DJ338: 0 | DK338: 0 | DL338: 0 | DM338: 0 | DN338: 0 | DO338: 0 | DP338: 0 | DQ338: 0 | DR338: 0 | DS338: 0 | DT338: 0 | DU338: 0 | DV338: 0 | DW338: 0 | DX338: 0 | DY338: 0 | DZ338: 0 | EA338: 0 | EB338: 0 | EC338: 0 | ED338: 0 | EE338: 0 | EF338: 0 | EG338: 0 | EH338: 0 | EI338: 0 | EJ338: 0 | EK338: 0 | EL338: 0 | EM338: 0 | EN338: 0 | EO338: 0 | EP338: 0 | EQ338: 0 | ER338: 0 | ES338: 0 | ET338: 0 | EU338: 0 | EV338: 0 | EW338: 0 | EX338: 0 | EY338: 0 | EZ338: 0 | FA338: 0 | FB338: 0 | FC338: 0 | FD338: 0 | FE338: 0 | FF338: 0 | FG338: 0 | FH338: 0 | FI338: 0 | FJ338: 0 | FK338: 0 | FL338: 0 | FM338: 0 | FN338: 0 | FO338: 0 | FP338: 0 | FQ338: 0 | FR338: 0 | FS338: 0 | FT338: 0 | FU338: 0 | FV338: 0 | FW338: 0 | FX338: 0 | FY338: 0 | FZ338: 0 | GA338: 0 | GB338: 0 | GC338: 0 | GD338: 0 | GE338: 0 | GF338: 0 | GG338: 0 | GH338: 0 | GI338: 0 | GJ338: 0 | GK338: 0 | GL338: 0 | GM338: 0 | GN338: 0 | GO338: 0 | GP338: 0 | GQ338: 0
A339: 2327 | B339: LAZENA F/RANGE DRUM&THIG8 | C339: 24 | D339: 0 | E339: 0 | F339: 0 | G339: 0 | H339: 0 | I339: 0 | J339: 0 | K339: 0 | L339: 0 | M339: 0 | N339: 0 | O339: 0 | P339: 0 | Q339: 0 | R339: 0 | S339: 0 | T339: 0 | U339: 0 | V339: 0 | W339: 0 | X339: 0 | Y339: 0 | Z339: 0 | AA339: 0 | AB339: 0 | AC339: 0 | AD339: 0 | AE339: 0 | AF339: 0 | AG339: 0 | AH339: 0 | AI339: 0 | AJ339: 0 | AK339: 0 | AL339: 0 | AM339: 0 | AN339: 0 | AO339: 0 | AP339: 0 | AQ339: 0 | AR339: 0 | AS339: 0 | AT339: 0 | AU339: 0 | AV339: 0 | AW339: 0 | AX339: 0 | AY339: 0 | AZ339: 0 | BA339: 0 | BB339: 0 | BC339: 0 | BD339: 0 | BE339: 0 | BF339: 0 | BG339: 0 | BH339: 0 | BI339: 0 | BJ339: 0 | BK339: 0 | BL339: 0 | BM339: 0 | BN339: 0 | BO339: 0 | BP339: 0 | BQ339: 0 | BR339: 0 | BS339: 0 | BT339: 0 | BU339: 0 | BV339: 0 | BW339: 0 | BX339: 0 | BY339: 0 | BZ339: 0 | CA339: 0 | CB339: 0 | CC339: 0 | CD339: 0 | CE339: 0 | CF339: 0 | CG339: 0 | CH339: 0 | CI339: 0 | CJ339: 0 | CK339: 0 | CL339: 0 | CM339: 0 | CN339: 0 | CO339: 0 | CP339: 0 | CQ339: 0 | CR339: 0 | CS339: 0 | CT339: 155.73043 | CU339: 1.194 | CV339: 0 | CW339: 0 | CX339: 147.38261 | CY339: 1.13 | CZ339: 0 | DA339: 0 | DB339: 0 | DC339: 0 | DD339: 0 | DE339: 0 | DF339: 0 | DG339: 0 | DH339: 0 | DI339: 0 | DJ339: 0 | DK339: 0 | DL339: 0 | DM339: 0 | DN339: 0 | DO339: 0 | DP339: 0 | DQ339: 0 | DR339: 0 | DS339: 0 | DT339: 0 | DU339: 0 | DV339: 0 | DW339: 0 | DX339: 0 | DY339: 0 | DZ339: 0 | EA339: 0 | EB339: 0 | EC339: 0 | ED339: 0 | EE339: 0 | EF339: 0 | EG339: 0 | EH339: 0 | EI339: 0 | EJ339: 0 | EK339: 0 | EL339: 0 | EM339: 0 | EN339: 0 | EO339: 0 | EP339: 0 | EQ339: 0 | ER339: 0 | ES339: 0 | ET339: 0 | EU339: 0 | EV339: 0 | EW339: 0 | EX339: 0 | EY339: 0 | EZ339: 0 | FA339: 0 | FB339: 0 | FC339: 0 | FD339: 0 | FE339: 0 | FF339: 0 | FG339: 0 | FH339: 0 | FI339: 0 | FJ339: 0 | FK339: 0 | FL339: 0 | FM339: 0 | FN339: 0 | FO339: 0 | FP339: 0 | FQ339: 0 | FR339: 0 | FS339: 0 | FT339: 0 | FU339: 0 | FV339: 0 | FW339: 0 | FX339: 0 | FY339: 0 | FZ339: 0 | GA339: 0 | GB339: 0 | GC339: 0 | GD339: 0 | GE339: 0 | GF339: 0 | GG339: 0 | GH339: 0 | GI339: 0 | GJ339: 0 | GK339: 0 | GL339: 0 | GM339: 0 | GN339: 0 | GO339: 0 | GP339: 0 | GQ339: 0
A340: 216 | B340: BULK FARMHOUSE WORS | C340: 2 | D340: 0 | E340: 0 | F340: 0 | G340: 0 | H340: 0 | I340: 0 | J340: 0 | K340: 0 | L340: 0 | M340: 0 | N340: 0 | O340: 0 | P340: 0 | Q340: 0 | R340: 0 | S340: 0 | T340: 0 | U340: 0 | V340: 0 | W340: 0 | X340: 0 | Y340: 0 | Z340: 0 | AA340: 0 | AB340: 0 | AC340: 0 | AD340: 0 | AE340: 0 | AF340: 0 | AG340: 0 | AH340: 0 | AI340: 0 | AJ340: 0 | AK340: 0 | AL340: 0 | AM340: 0 | AN340: 0 | AO340: 0 | AP340: 0 | AQ340: 0 | AR340: 0 | AS340: 0 | AT340: 0 | AU340: 0 | AV340: 0 | AW340: 0 | AX340: 0 | AY340: 0 | AZ340: 0 | BA340: 0 | BB340: 0 | BC340: 0 | BD340: 0 | BE340: 0 | BF340: 0 | BG340: 0 | BH340: 0 | BI340: 0 | BJ340: 0 | BK340: 0 | BL340: 0 | BM340: 0 | BN340: 0 | BO340: 0 | BP340: 0 | BQ340: 0 | BR340: 0 | BS340: 0 | BT340: 0 | BU340: 0 | BV340: 0 | BW340: 0 | BX340: 0 | BY340: 0 | BZ340: 0 | CA340: 0 | CB340: 0 | CC340: 0 | CD340: 0 | CE340: 0 | CF340: 0 | CG340: 0 | CH340: 0 | CI340: 0 | CJ340: 0 | CK340: 0 | CL340: 0 | CM340: 0 | CN340: 0 | CO340: 0 | CP340: 0 | CQ340: 0 | CR340: 0 | CS340: 0 | CT340: 0 | CU340: 0 | CV340: 0 | CW340: 0 | CX340: 0 | CY340: 0 | CZ340: 0 | DA340: 0 | DB340: 0 | DC340: 0 | DD340: 0 | DE340: 0 | DF340: 0 | DG340: 0 | DH340: 0 | DI340: 0 | DJ340: 0 | DK340: 0 | DL340: 0 | DM340: 0 | DN340: 0 | DO340: 0 | DP340: 0 | DQ340: 0 | DR340: 0 | DS340: 0 | DT340: 0 | DU340: 0 | DV340: 0 | DW340: 0 | DX340: 0 | DY340: 0 | DZ340: 0 | EA340: 0 | EB340: 0 | EC340: 0 | ED340: 0 | EE340: 0 | EF340: 0 | EG340: 0 | EH340: 0 | EI340: 0 | EJ340: 0 | EK340: 0 | EL340: 0 | EM340: 0 | EN340: 0 | EO340: 0 | EP340: 0 | EQ340: 0 | ER340: 0 | ES340: 0 | ET340: 0 | EU340: 0 | EV340: 0 | EW340: 0 | EX340: 0 | EY340: 0 | EZ340: 0 | FA340: 0 | FB340: 0 | FC340: 0 | FD340: 0 | FE340: 0 | FF340: 0 | FG340: 0 | FH340: 0 | FI340: 0 | FJ340: 0 | FK340: 0 | FL340: 0 | FM340: 0 | FN340: 0 | FO340: 0 | FP340: 0 | FQ340: 0 | FR340: 0 | FS340: 0 | FT340: 0 | FU340: 0 | FV340: 0 | FW340: 0 | FX340: 0 | FY340: 0 | FZ340: 0 | GA340: 0 | GB340: 0 | GC340: 0 | GD340: 0 | GE340: 0 | GF340: 0 | GG340: 0 | GH340: 0 | GI340: 0 | GJ340: 0 | GK340: 0 | GL340: 0 | GM340: 0 | GN340: 0 | GO340: 0 | GP340: 0 | GQ340: 0
A341: 2327 | B341: SPAR SLT CHKN IN/B NO GIB | C341: 24 | D341: 0 | E341: 0 | F341: 537.91304 | G341: 12.374 | H341: 108.33043 | I341: 2.492 | J341: 158.32174 | K341: 3.642 | L341: 454.96522 | M341: 10.466 | N341: 613.8087 | O341: 14.12 | P341: 425.58261 | Q341: 9.79 | R341: 113.72174 | S341: 2.616 | T341: 0 | U341: 0 | V341: 0 | W341: 0 | X341: 0 | Y341: 0 | Z341: 0 | AA341: 0 | AB341: 0 | AC341: 0 | AD341: 0 | AE341: 0 | AF341: 0 | AG341: 0 | AH341: 0 | AI341: 0 | AJ341: 0 | AK341: 0 | AL341: 0 | AM341: 0 | AN341: 0 | AO341: 0 | AP341: 0 | AQ341: 0 | AR341: 0 | AS341: 0 | AT341: 0 | AU341: 0 | AV341: 0 | AW341: 0 | AX341: 0 | AY341: 0 | AZ341: 0 | BA341: 0 | BB341: 0 | BC341: 0 | BD341: 0 | BE341: 0 | BF341: 0 | BG341: 0 | BH341: 0 | BI341: 0 | BJ341: 0 | BK341: 0 | BL341: 0 | BM341: 0 | BN341: 0 | BO341: 0 | BP341: 0 | BQ341: 0 | BR341: 0 | BS341: 0 | BT341: 0 | BU341: 0 | BV341: 0 | BW341: 0 | BX341: 102.24348 | BY341: 1.96 | BZ341: 161.71304 | CA341: 3.1 | CB341: 308.72174 | CC341: 5.918 | CD341: 128.33043 | CE341: 2.46 | CF341: 573.83478 | CG341: 11 | CH341: 515.30435 | CI341: 9.878 | CJ341: 0 | CK341: 0 | CL341: 53.626087 | CM341: 1.028 | CN341: 203.97391 | CO341: 3.91 | CP341: 387.8087 | CQ341: 7.434 | CR341: 133.23478 | CS341: 2.554 | CT341: 131.35652 | CU341: 2.518 | CV341: 181.85217 | CW341: 3.486 | CX341: 112.57391 | CY341: 2.158 | CZ341: 435.84348 | DA341: 10.026 | DB341: 663.46087 | DC341: 15.263 | DD341: 159.97391 | DE341: 3.68 | DF341: 604.42609 | DG341: 13.905 | DH341: 1020.7913 | DI341: 23.483 | DJ341: 441.14783 | DK341: 10.148 | DL341: 54.686957 | DM341: 1.258 | DN341: 0 | DO341: 0 | DP341: 0 | DQ341: 0 | DR341: 357.41739 | DS341: 8.222 | DT341: 271 | DU341: 6.234 | DV341: 787 | DW341: 18.105 | DX341: 370.02609 | DY341: 8.512 | DZ341: 675.10435 | EA341: 15.531 | EB341: 0 | EC341: 0 | ED341: 0 | EE341: 0 | EF341: 0 | EG341: 0 | EH341: 0 | EI341: 0 | EJ341: 0 | EK341: 0 | EL341: 0 | EM341: 0 | EN341: 0 | EO341: 0 | EP341: 0 | EQ341: 0 | ER341: 0 | ES341: 0 | ET341: 0 | EU341: 0 | EV341: 0 | EW341: 0 | EX341: 0 | EY341: 0 | EZ341: 0 | FA341: 0 | FB341: 0 | FC341: 0 | FD341: 0 | FE341: 0 | FF341: 0 | FG341: 0 | FH341: 0 | FI341: 0 | FJ341: 0 | FK341: 0 | FL341: 0 | FM341: 0 | FN341: 0 | FO341: 0 | FP341: 0 | FQ341: 0 | FR341: 0 | FS341: 0 | FT341: 0 | FU341: 0 | FV341: 0 | FW341: 0 | FX341: 0 | FY341: 0 | FZ341: 0 | GA341: 0 | GB341: 0 | GC341: 0 | GD341: 0 | GE341: 0 | GF341: 0 | GG341: 0 | GH341: 0 | GI341: 0 | GJ341: 0 | GK341: 0 | GL341: 0 | GM341: 0 | GN341: 0 | GO341: 0 | GP341: 0 | GQ341: 0
A342: 2327 | B342: 5 | C342: 24 | D342: 0 | E342: 0 | F342: 0 | G342: 0 | H342: 0 | I342: 0 | J342: 0 | K342: 0 | L342: 0 | M342: 0 | N342: 0 | O342: 0 | P342: 0 | Q342: 0 | R342: 0 | S342: 0 | T342: 0 | U342: 0 | V342: 0 | W342: 0 | X342: 0 | Y342: 0 | Z342: 0 | AA342: 0 | AB342: 0 | AC342: 0 | AD342: 0 | AE342: 0 | AF342: 0 | AG342: 0 | AH342: 0 | AI342: 0 | AJ342: 0 | AK342: 0 | AL342: 0 | AM342: 0 | AN342: 0 | AO342: 0 | AP342: 0 | AQ342: 0 | AR342: 0 | AS342: 0 | AT342: 0 | AU342: 0 | AV342: 0 | AW342: 0 | AX342: 0 | AY342: 0 | AZ342: 0 | BA342: 0 | BB342: 0 | BC342: 0 | BD342: 0 | BE342: 0 | BF342: 0 | BG342: 0 | BH342: 0 | BI342: 0 | BJ342: 0 | BK342: 0 | BL342: 0 | BM342: 0 | BN342: 0 | BO342: 0 | BP342: 0 | BQ342: 0 | BR342: 0 | BS342: 0 | BT342: 0 | BU342: 0 | BV342: 0 | BW342: 0 | BX342: 0 | BY342: 0 | BZ342: 0 | CA342: 0 | CB342: 0 | CC342: 0 | CD342: 0 | CE342: 0 | CF342: 0 | CG342: 0 | CH342: 0 | CI342: 0 | CJ342: 0 | CK342: 0 | CL342: 0 | CM342: 0 | CN342: 0 | CO342: 0 | CP342: 0 | CQ342: 0 | CR342: 0 | CS342: 0 | CT342: 0 | CU342: 0 | CV342: 0 | CW342: 0 | CX342: 0 | CY342: 0 | CZ342: 0 | DA342: 0 | DB342: 0 | DC342: 0 | DD342: 0 | DE342: 0 | DF342: 0 | DG342: 0 | DH342: 0 | DI342: 0 | DJ342: 0 | DK342: 0 | DL342: 0 | DM342: 0 | DN342: 0 | DO342: 0 | DP342: 0 | DQ342: 0 | DR342: 0 | DS342: 0 | DT342: 0 | DU342: 0 | DV342: 0 | DW342: 0 | DX342: 0 | DY342: 0 | DZ342: 0 | EA342: 0 | EB342: 0 | EC342: 0 | ED342: 0 | EE342: 0 | EF342: 0 | EG342: 0 | EH342: 0 | EI342: 0 | EJ342: 0 | EK342: 0 | EL342: 0 | EM342: 0 | EN342: 0 | EO342: 0 | EP342: 0 | EQ342: 0 | ER342: 0 | ES342: 0 | ET342: 0 | EU342: 0 | EV342: 0 | EW342: 0 | EX342: 0 | EY342: 0 | EZ342: 0 | FA342: 0 | FB342: 0 | FC342: 0 | FD342: 0 | FE342: 0 | FF342: 0 | FG342: 0 | FH342: 0 | FI342: 0 | FJ342: 0 | FK342: 0 | FL342: 0 | FM342: 0 | FN342: 0 | FO342: 0 | FP342: 0 | FQ342: 0 | FR342: 0 | FS342: 0 | FT342: 0 | FU342: 0 | FV342: 0 | FW342: 0 | FX342: 0 | FY342: 0 | FZ342: 0 | GA342: 0 | GB342: 0 | GC342: 0 | GD342: 0 | GE342: 0 | GF342: 0 | GG342: 0 | GH342: 0 | GI342: 0 | GJ342: 0 | GK342: 0 | GL342: 0 | GM342: 0 | GN342: 0 | GO342: 0 | GP342: 0 | GQ342: 0
A343: 210 | B343: S/CHUNKY SWEET CHILLIE | C343: 2 | D343: 0 | E343: 0 | F343: 0 | G343: 0 | H343: 0 | I343: 0 | J343: 0 | K343: 0 | L343: 0 | M343: 0 | N343: 0 | O343: 0 | P343: 0 | Q343: 0 | R343: 0 | S343: 0 | T343: 0 | U343: 0 | V343: 0 | W343: 0 | X343: 0 | Y343: 0 | Z343: 0 | AA343: 0 | AB343: 0 | AC343: 0 | AD343: 0 | AE343: 0 | AF343: 0 | AG343: 0 | AH343: 0 | AI343: 0 | AJ343: 0 | AK343: 0 | AL343: 0 | AM343: 0 | AN343: 0 | AO343: 0 | AP343: 0 | AQ343: 0 | AR343: 0 | AS343: 0 | AT343: 0 | AU343: 0 | AV343: 0 | AW343: 0 | AX343: 0 | AY343: 0 | AZ343: 0 | BA343: 0 | BB343: 0 | BC343: 0 | BD343: 0 | BE343: 0 | BF343: 0 | BG343: 0 | BH343: 0 | BI343: 0 | BJ343: 0 | BK343: 0 | BL343: 0 | BM343: 0 | BN343: 0 | BO343: 0 | BP343: 0 | BQ343: 0 | BR343: 0 | BS343: 0 | BT343: 0 | BU343: 0 | BV343: 0 | BW343: 0 | BX343: 0 | BY343: 0 | BZ343: 0 | CA343: 0 | CB343: 0 | CC343: 0 | CD343: 0 | CE343: 0 | CF343: 0 | CG343: 0 | CH343: 0 | CI343: 0 | CJ343: 0 | CK343: 0 | CL343: 0 | CM343: 0 | CN343: 0 | CO343: 0 | CP343: 0 | CQ343: 0 | CR343: 0 | CS343: 0 | CT343: 0 | CU343: 0 | CV343: 0 | CW343: 0 | CX343: 0 | CY343: 0 | CZ343: 0 | DA343: 0 | DB343: 0 | DC343: 0 | DD343: 0 | DE343: 0 | DF343: 0 | DG343: 0 | DH343: 0 | DI343: 0 | DJ343: 0 | DK343: 0 | DL343: 0 | DM343: 0 | DN343: 0 | DO343: 0 | DP343: 0 | DQ343: 0 | DR343: 0 | DS343: 0 | DT343: 0 | DU343: 0 | DV343: 0 | DW343: 0 | DX343: 0 | DY343: 0 | DZ343: 0 | EA343: 0 | EB343: 0 | EC343: 0 | ED343: 0 | EE343: 0 | EF343: 0 | EG343: 0 | EH343: 0 | EI343: 0 | EJ343: 0 | EK343: 0 | EL343: 0 | EM343: 0 | EN343: 0 | EO343: 0 | EP343: 0 | EQ343: 0 | ER343: 0 | ES343: 0 | ET343: 0 | EU343: 0 | EV343: 0 | EW343: 0 | EX343: 0 | EY343: 0 | EZ343: 0 | FA343: 0 | FB343: 0 | FC343: 0 | FD343: 0 | FE343: 0 | FF343: 0 | FG343: 0 | FH343: 0 | FI343: 0 | FJ343: 0 | FK343: 0 | FL343: 0 | FM343: 0 | FN343: 0 | FO343: 0 | FP343: 0 | FQ343: 0 | FR343: 0 | FS343: 0 | FT343: 0 | FU343: 0 | FV343: 0 | FW343: 0 | FX343: 0 | FY343: 0 | FZ343: 0 | GA343: 0 | GB343: 0 | GC343: 0 | GD343: 0 | GE343: 0 | GF343: 0 | GG343: 0 | GH343: 0 | GI343: 0 | GJ343: 0 | GK343: 0 | GL343: 0 | GM343: 0 | GN343: 0 | GO343: 0 | GP343: 0 | GQ343: 0
A344: 210 | B344: M/CLUB MARINADE SOSATIE | C344: 2 | D344: 0 | E344: 0 | F344: 0 | G344: 0 | H344: 0 | I344: 0 | J344: 0 | K344: 0 | L344: 0 | M344: 0 | N344: 0 | O344: 0 | P344: 0 | Q344: 0 | R344: 0 | S344: 0 | T344: 0 | U344: 0 | V344: 0 | W344: 0 | X344: 0 | Y344: 0 | Z344: 0 | AA344: 0 | AB344: 0 | AC344: 0 | AD344: 0 | AE344: 0 | AF344: 0 | AG344: 0 | AH344: 0 | AI344: 0 | AJ344: 0 | AK344: 0 | AL344: 0 | AM344: 0 | AN344: 0 | AO344: 0 | AP344: 0 | AQ344: 0 | AR344: 0 | AS344: 0 | AT344: 0 | AU344: 0 | AV344: 0 | AW344: 0 | AX344: 0 | AY344: 0 | AZ344: 0 | BA344: 0 | BB344: 0 | BC344: 0 | BD344: 0 | BE344: 0 | BF344: 0 | BG344: 0 | BH344: 0 | BI344: 0 | BJ344: 0 | BK344: 0 | BL344: 0 | BM344: 0 | BN344: 0 | BO344: 0 | BP344: 0 | BQ344: 0 | BR344: 0 | BS344: 0 | BT344: 0 | BU344: 0 | BV344: 0 | BW344: 0 | BX344: 0 | BY344: 0 | BZ344: 0 | CA344: 0 | CB344: 0 | CC344: 0 | CD344: 0 | CE344: 0 | CF344: 0 | CG344: 0 | CH344: 0 | CI344: 0 | CJ344: 0 | CK344: 0 | CL344: 0 | CM344: 0 | CN344: 0 | CO344: 0 | CP344: 0 | CQ344: 0 | CR344: 0 | CS344: 0 | CT344: 0 | CU344: 0 | CV344: 0 | CW344: 0 | CX344: 0 | CY344: 0 | CZ344: 0 | DA344: 0 | DB344: 0 | DC344: 0 | DD344: 0 | DE344: 0 | DF344: 0 | DG344: 0 | DH344: 0 | DI344: 0 | DJ344: 0 | DK344: 0 | DL344: 0 | DM344: 0 | DN344: 0 | DO344: 0 | DP344: 0 | DQ344: 0 | DR344: 0 | DS344: 0 | DT344: 0 | DU344: 0 | DV344: 0 | DW344: 0 | DX344: 0 | DY344: 0 | DZ344: 0 | EA344: 0 | EB344: 0 | EC344: 0 | ED344: 0 | EE344: 0 | EF344: 0 | EG344: 0 | EH344: 0 | EI344: 0 | EJ344: 0 | EK344: 0 | EL344: 0 | EM344: 0 | EN344: 0 | EO344: 0 | EP344: 0 | EQ344: 0 | ER344: 0 | ES344: 0 | ET344: 0 | EU344: 0 | EV344: 0 | EW344: 0 | EX344: 0 | EY344: 0 | EZ344: 0 | FA344: 0 | FB344: 0 | FC344: 0 | FD344: 0 | FE344: 0 | FF344: 0 | FG344: 0 | FH344: 0 | FI344: 0 | FJ344: 0 | FK344: 0 | FL344: 0 | FM344: 0 | FN344: 0 | FO344: 0 | FP344: 0 | FQ344: 0 | FR344: 0 | FS344: 0 | FT344: 0 | FU344: 0 | FV344: 0 | FW344: 0 | FX344: 0 | FY344: 0 | FZ344: 0 | GA344: 0 | GB344: 0 | GC344: 0 | GD344: 0 | GE344: 0 | GF344: 0 | GG344: 0 | GH344: 0 | GI344: 0 | GJ344: 0 | GK344: 0 | GL344: 0 | GM344: 0 | GN344: 0 | GO344: 0 | GP344: 0 | GQ344: 0
A345: 210 | B345: M/CLUB SPARE RIB | C345: 2 | D345: 0 | E345: 0 | F345: 0 | G345: 0 | H345: 0 | I345: 0 | J345: 0 | K345: 0 | L345: 0 | M345: 0 | N345: 0 | O345: 0 | P345: 0 | Q345: 0 | R345: 0 | S345: 0 | T345: 0 | U345: 0 | V345: 0 | W345: 0 | X345: 0 | Y345: 0 | Z345: 0 | AA345: 0 | AB345: 0 | AC345: 0 | AD345: 0 | AE345: 0 | AF345: 0 | AG345: 0 | AH345: 0 | AI345: 0 | AJ345: 0 | AK345: 0 | AL345: 0 | AM345: 0 | AN345: 0 | AO345: 0 | AP345: 0 | AQ345: 0 | AR345: 0 | AS345: 0 | AT345: 0 | AU345: 0 | AV345: 0 | AW345: 0 | AX345: 0 | AY345: 0 | AZ345: 0 | BA345: 0 | BB345: 0 | BC345: 0 | BD345: 0 | BE345: 0 | BF345: 0 | BG345: 0 | BH345: 0 | BI345: 0 | BJ345: 0 | BK345: 0 | BL345: 0 | BM345: 0 | BN345: 0 | BO345: 0 | BP345: 0 | BQ345: 0 | BR345: 0 | BS345: 0 | BT345: 0 | BU345: 0 | BV345: 0 | BW345: 0 | BX345: 0 | BY345: 0 | BZ345: 0 | CA345: 0 | CB345: 0 | CC345: 0 | CD345: 0 | CE345: 0 | CF345: 0 | CG345: 0 | CH345: 0 | CI345: 0 | CJ345: 0 | CK345: 0 | CL345: 0 | CM345: 0 | CN345: 0 | CO345: 0 | CP345: 0 | CQ345: 0 | CR345: 0 | CS345: 0 | CT345: 0 | CU345: 0 | CV345: 0 | CW345: 0 | CX345: 0 | CY345: 0 | CZ345: 0 | DA345: 0 | DB345: 0 | DC345: 0 | DD345: 0 | DE345: 0 | DF345: 0 | DG345: 0 | DH345: 0 | DI345: 0 | DJ345: 0 | DK345: 0 | DL345: 0 | DM345: 0 | DN345: 0 | DO345: 0 | DP345: 0 | DQ345: 0 | DR345: 0 | DS345: 0 | DT345: 0 | DU345: 0 | DV345: 0 | DW345: 0 | DX345: 0 | DY345: 0 | DZ345: 0 | EA345: 0 | EB345: 0 | EC345: 0 | ED345: 0 | EE345: 0 | EF345: 0 | EG345: 0 | EH345: 0 | EI345: 0 | EJ345: 0 | EK345: 0 | EL345: 0 | EM345: 0 | EN345: 0 | EO345: 0 | EP345: 0 | EQ345: 0 | ER345: 0 | ES345: 0 | ET345: 0 | EU345: 0 | EV345: 0 | EW345: 0 | EX345: 0 | EY345: 0 | EZ345: 0 | FA345: 0 | FB345: 0 | FC345: 0 | FD345: 0 | FE345: 0 | FF345: 0 | FG345: 0 | FH345: 0 | FI345: 0 | FJ345: 0 | FK345: 0 | FL345: 0 | FM345: 0 | FN345: 0 | FO345: 0 | FP345: 0 | FQ345: 0 | FR345: 0 | FS345: 0 | FT345: 0 | FU345: 0 | FV345: 0 | FW345: 0 | FX345: 0 | FY345: 0 | FZ345: 0 | GA345: 0 | GB345: 0 | GC345: 0 | GD345: 0 | GE345: 0 | GF345: 0 | GG345: 0 | GH345: 0 | GI345: 0 | GJ345: 0 | GK345: 0 | GL345: 0 | GM345: 0 | GN345: 0 | GO345: 0 | GP345: 0 | GQ345: 0
A346: 2327 | B346: CRUMBED CHICKEN NUGGETS | C346: 24 | D346: 41.634783 | E346: 0.684 | F346: 20.208696 | G346: 0.332 | H346: 0 | I346: 0 | J346: 0 | K346: 0 | L346: 0 | M346: 0 | N346: 0 | O346: 0 | P346: 0 | Q346: 0 | R346: 145.72174 | S346: 2.394 | T346: 0 | U346: 0 | V346: 43.704348 | W346: 0.718 | X346: 0 | Y346: 0 | Z346: 66.834783 | AA346: 1.098 | AB346: 18.991304 | AC346: 0.312 | AD346: 76.695652 | AE346: 1.26 | AF346: 37.373913 | AG346: 0.614 | AH346: 19.356522 | AI346: 0.318 | AJ346: 0 | AK346: 0 | AL346: 41.391304 | AM346: 0.68 | AN346: 155.33913 | AO346: 2.552 | AP346: 42.121739 | AQ346: 0.692 | AR346: 76.452174 | AS346: 1.256 | AT346: -7.6695652 | AU346: -0.126 | AV346: 26.295652 | AW346: 0.432 | AX346: 0 | AY346: 0 | AZ346: 0 | BA346: 0 | BB346: 52.834783 | BC346: 0.868 | BD346: 102.01739 | BE346: 1.676 | BF346: 83.634783 | BG346: 1.374 | BH346: 28.365217 | BI346: 0.466 | BJ346: 26.417391 | BK346: 0.434 | BL346: 76.086957 | BM346: 1.25 | BN346: 0 | BO346: 0 | BP346: 27.391304 | BQ346: 0.45 | BR346: 0 | BS346: 0 | BT346: 0 | BU346: 0 | BV346: 0 | BW346: 0 | BX346: 0 | BY346: 0 | BZ346: 0 | CA346: 0 | CB346: 0 | CC346: 0 | CD346: 0 | CE346: 0 | CF346: 0 | CG346: 0 | CH346: 0 | CI346: 0 | CJ346: 0 | CK346: 0 | CL346: 55.026087 | CM346: 0.904 | CN346: 26.782609 | CO346: 0.44 | CP346: 60.382609 | CQ346: 0.992 | CR346: 83.756522 | CS346: 1.376 | CT346: 64.4 | CU346: 1.058 | CV346: 0 | CW346: 0 | CX346: 24.347826 | CY346: 0.4 | CZ346: 24.591304 | DA346: 0.404 | DB346: 153.87826 | DC346: 2.528 | DD346: 41.147826 | DE346: 0.676 | DF346: 71.217391 | DG346: 1.17 | DH346: 110.41739 | DI346: 1.814 | DJ346: 61.356522 | DK346: 1.008 | DL346: 42.852174 | DM346: 0.704 | DN346: 0 | DO346: 0 | DP346: 103.23478 | DQ346: 1.696 | DR346: 0 | DS346: 0 | DT346: 0 | DU346: 0 | DV346: 91.304348 | DW346: 1.5 | DX346: 44.921739 | DY346: 0.738 | DZ346: 21.913043 | EA346: 0.36 | EB346: 0 | EC346: 0 | ED346: 111.75652 | EE346: 1.836 | EF346: 55.756522 | EG346: 0.916 | EH346: 22.886957 | EI346: 0.376 | EJ346: 23.73913 | EK346: 0.39 | EL346: 22.643478 | EM346: 0.372 | EN346: 0 | EO346: 0 | EP346: 0 | EQ346: 0 | ER346: 0 | ES346: 0 | ET346: 0 | EU346: 0 | EV346: 24.347826 | EW346: 0.4 | EX346: 23.252174 | EY346: 0.382 | EZ346: 28.973913 | FA346: 0.476 | FB346: 0 | FC346: 0 | FD346: 0 | FE346: 0 | FF346: 0 | FG346: 0 | FH346: 0 | FI346: 0 | FJ346: 0 | FK346: 0 | FL346: 0 | FM346: 0 | FN346: 0 | FO346: 0 | FP346: 45.408696 | FQ346: 0.746 | FR346: 0 | FS346: 0 | FT346: 0 | FU346: 0 | FV346: 100.31304 | FW346: 1.648 | FX346: 49.06087 | FY346: 0.806 | FZ346: 23.252174 | GA346: 0.382 | GB346: 20.817391 | GC346: 0.342 | GD346: 0 | GE346: 0 | GF346: 22.765217 | GG346: 0.374 | GH346: 43.217391 | GI346: 0.71 | GJ346: 43.582609 | GK346: 0.716 | GL346: 74.017391 | GM346: 1.216 | GN346: 86.556522 | GO346: 1.422 | GP346: 0 | GQ346: 0
A347: 216 | B347: SIX GUN GRILL BURGER | C347: 2 | D347: 0 | E347: 0 | F347: 0 | G347: 0 | H347: 0 | I347: 0 | J347: 0 | K347: 0 | L347: 0 | M347: 0 | N347: 0 | O347: 0 | P347: 0 | Q347: 0 | R347: 0 | S347: 0 | T347: 0 | U347: 0 | V347: 0 | W347: 0 | X347: 0 | Y347: 0 | Z347: 0 | AA347: 0 | AB347: 0 | AC347: 0 | AD347: 0 | AE347: 0 | AF347: 208.22609 | AG347: 1.842 | AH347: 382.53043 | AI347: 3.384 | AJ347: 158.71304 | AK347: 1.404 | AL347: 212.52174 | AM347: 1.88 | AN347: 429.78261 | AO347: 3.802 | AP347: 587.81739 | AQ347: 5.2 | AR347: 53.808696 | AS347: 0.476 | AT347: 344.98261 | AU347: 3.052 | AV347: 386.81739 | AW347: 3.422 | AX347: 337.97391 | AY347: 2.99 | AZ347: 54.713043 | BA347: 0.484 | BB347: 156.21739 | BC347: 1.382 | BD347: -54.713043 | BE347: -0.484 | BF347: 0 | BG347: 0 | BH347: 0 | BI347: 0 | BJ347: 0 | BK347: 0 | BL347: 0 | BM347: 0 | BN347: 0 | BO347: 0 | BP347: 0 | BQ347: 0 | BR347: 0 | BS347: 0 | BT347: 0 | BU347: 0 | BV347: 0 | BW347: 0 | BX347: 0 | BY347: 0 | BZ347: 0 | CA347: 0 | CB347: 0 | CC347: 0 | CD347: 675.04348 | CE347: 5.972 | CF347: 870.10435 | CG347: 7.698 | CH347: 0 | CI347: 0 | CJ347: 0 | CK347: 0 | CL347: 0 | CM347: 0 | CN347: 387.26087 | CO347: 3.426 | CP347: 218.3913 | CQ347: 1.932 | CR347: 234.41739 | CS347: 2.074 | CT347: 119.58261 | CU347: 1.058 | CV347: 56.295652 | CW347: 0.498 | CX347: 227.87826 | CY347: 2.016 | CZ347: 288.22609 | DA347: 2.55 | DB347: 194.18261 | DC347: 1.718 | DD347: 0 | DE347: 0 | DF347: 63.295652 | DG347: 0.56 | DH347: 0 | DI347: 0 | DJ347: 0 | DK347: 0 | DL347: 0 | DM347: 0 | DN347: 0 | DO347: 0 | DP347: 0 | DQ347: 0 | DR347: 0 | DS347: 0 | DT347: 0 | DU347: 0 | DV347: 0 | DW347: 0 | DX347: 0 | DY347: 0 | DZ347: 0 | EA347: 0 | EB347: 0 | EC347: 0 | ED347: 0 | EE347: 0 | EF347: 0 | EG347: 0 | EH347: 0 | EI347: 0 | EJ347: 0 | EK347: 0 | EL347: 0 | EM347: 0 | EN347: 0 | EO347: 0 | EP347: 0 | EQ347: 0 | ER347: 0 | ES347: 0 | ET347: 0 | EU347: 0 | EV347: 0 | EW347: 0 | EX347: 323.04348 | EY347: 2.858 | EZ347: 120.71304 | FA347: 1.068 | FB347: 116.1913 | FC347: 1.028 | FD347: 127.72174 | FE347: 1.13 | FF347: 218.6 | FG347: 1.934 | FH347: 72.113043 | FI347: 0.638 | FJ347: 427.47826 | FK347: 3.782 | FL347: 75.052174 | FM347: 0.664 | FN347: 149.65217 | FO347: 1.324 | FP347: 0 | FQ347: 0 | FR347: 0 | FS347: 0 | FT347: 670.33043 | FU347: 5.93 | FV347: 274.23478 | FW347: 2.426 | FX347: 623.27826 | FY347: 5.514 | FZ347: 167.29565 | GA347: 1.48 | GB347: 113.26087 | GC347: 1.002 | GD347: 112.35652 | GE347: 0.994 | GF347: 0 | GG347: 0 | GH347: 0 | GI347: 0 | GJ347: 0 | GK347: 0 | GL347: 0 | GM347: 0 | GN347: 0 | GO347: 0 | GP347: 0 | GQ347: 0
A348: 216 | B348: SIX GUN GRILL BURGER 8'S | C348: 2 | D348: 0 | E348: 0 | F348: 0 | G348: 0 | H348: 0 | I348: 0 | J348: 0 | K348: 0 | L348: 0 | M348: 0 | N348: 0 | O348: 0 | P348: 0 | Q348: 0 | R348: 0 | S348: 0 | T348: 0 | U348: 0 | V348: 0 | W348: 0 | X348: 0 | Y348: 0 | Z348: 0 | AA348: 0 | AB348: 0 | AC348: 0 | AD348: 0 | AE348: 0 | AF348: 0 | AG348: 0 | AH348: 0 | AI348: 0 | AJ348: 0 | AK348: 0 | AL348: 0 | AM348: 0 | AN348: 0 | AO348: 0 | AP348: 0 | AQ348: 0 | AR348: 0 | AS348: 0 | AT348: 0 | AU348: 0 | AV348: 0 | AW348: 0 | AX348: 0 | AY348: 0 | AZ348: 0 | BA348: 0 | BB348: 0 | BC348: 0 | BD348: 0 | BE348: 0 | BF348: 0 | BG348: 0 | BH348: 0 | BI348: 0 | BJ348: 0 | BK348: 0 | BL348: 0 | BM348: 0 | BN348: 0 | BO348: 0 | BP348: 0 | BQ348: 0 | BR348: 0 | BS348: 0 | BT348: 0 | BU348: 0 | BV348: 0 | BW348: 0 | BX348: 0 | BY348: 0 | BZ348: 0 | CA348: 0 | CB348: 0 | CC348: 0 | CD348: 0 | CE348: 0 | CF348: 0 | CG348: 0 | CH348: 0 | CI348: 0 | CJ348: 0 | CK348: 0 | CL348: 0 | CM348: 0 | CN348: 0 | CO348: 0 | CP348: 0 | CQ348: 0 | CR348: 0 | CS348: 0 | CT348: 0 | CU348: 0 | CV348: 0 | CW348: 0 | CX348: 0 | CY348: 0 | CZ348: 0 | DA348: 0 | DB348: 0 | DC348: 0 | DD348: 0 | DE348: 0 | DF348: 0 | DG348: 0 | DH348: 0 | DI348: 0 | DJ348: 0 | DK348: 0 | DL348: 0 | DM348: 0 | DN348: 0 | DO348: 0 | DP348: 0 | DQ348: 0 | DR348: 0 | DS348: 0 | DT348: 0 | DU348: 0 | DV348: 0 | DW348: 0 | DX348: 0 | DY348: 0 | DZ348: 0 | EA348: 0 | EB348: 0 | EC348: 0 | ED348: 0 | EE348: 0 | EF348: 0 | EG348: 0 | EH348: 0 | EI348: 0 | EJ348: 0 | EK348: 0 | EL348: 0 | EM348: 0 | EN348: 0 | EO348: 0 | EP348: 0 | EQ348: 0 | ER348: 0 | ES348: 0 | ET348: 0 | EU348: 0 | EV348: 0 | EW348: 0 | EX348: 0 | EY348: 0 | EZ348: 0 | FA348: 0 | FB348: 0 | FC348: 0 | FD348: 0 | FE348: 0 | FF348: 0 | FG348: 0 | FH348: 0 | FI348: 0 | FJ348: 0 | FK348: 0 | FL348: 0 | FM348: 0 | FN348: 0 | FO348: 0 | FP348: 0 | FQ348: 0 | FR348: 0 | FS348: 0 | FT348: 0 | FU348: 0 | FV348: 0 | FW348: 0 | FX348: 0 | FY348: 0 | FZ348: 0 | GA348: 0 | GB348: 0 | GC348: 0 | GD348: 0 | GE348: 0 | GF348: 0 | GG348: 0 | GH348: 0 | GI348: 0 | GJ348: 0 | GK348: 0 | GL348: 0 | GM348: 0 | GN348: 0 | GO348: 0 | GP348: 0 | GQ348: 0
A349: 207 | B349: BULK PORK PACK WITH STEW | C349: 2 | D349: 0 | E349: 0 | F349: 0 | G349: 0 | H349: 0 | I349: 0 | J349: 0 | K349: 0 | L349: 0 | M349: 0 | N349: 0 | O349: 0 | P349: 0 | Q349: 0 | R349: 0 | S349: 0 | T349: 0 | U349: 0 | V349: 0 | W349: 0 | X349: 0 | Y349: 0 | Z349: 0 | AA349: 0 | AB349: 0 | AC349: 0 | AD349: 0 | AE349: 0 | AF349: 0 | AG349: 0 | AH349: 0 | AI349: 0 | AJ349: 0 | AK349: 0 | AL349: 0 | AM349: 0 | AN349: 0 | AO349: 0 | AP349: 0 | AQ349: 0 | AR349: 0 | AS349: 0 | AT349: 0 | AU349: 0 | AV349: 0 | AW349: 0 | AX349: 0 | AY349: 0 | AZ349: 0 | BA349: 0 | BB349: 0 | BC349: 0 | BD349: 0 | BE349: 0 | BF349: 0 | BG349: 0 | BH349: 0 | BI349: 0 | BJ349: 0 | BK349: 0 | BL349: 0 | BM349: 0 | BN349: 0 | BO349: 0 | BP349: 0 | BQ349: 0 | BR349: 0 | BS349: 0 | BT349: 0 | BU349: 0 | BV349: 0 | BW349: 0 | BX349: 0 | BY349: 0 | BZ349: 0 | CA349: 0 | CB349: 0 | CC349: 0 | CD349: 0 | CE349: 0 | CF349: 0 | CG349: 0 | CH349: 0 | CI349: 0 | CJ349: 0 | CK349: 0 | CL349: 0 | CM349: 0 | CN349: 0 | CO349: 0 | CP349: 0 | CQ349: 0 | CR349: 0 | CS349: 0 | CT349: 0 | CU349: 0 | CV349: 0 | CW349: 0 | CX349: 0 | CY349: 0 | CZ349: 0 | DA349: 0 | DB349: 0 | DC349: 0 | DD349: 0 | DE349: 0 | DF349: 0 | DG349: 0 | DH349: 0 | DI349: 0 | DJ349: 0 | DK349: 0 | DL349: 0 | DM349: 0 | DN349: 0 | DO349: 0 | DP349: 0 | DQ349: 0 | DR349: 0 | DS349: 0 | DT349: 0 | DU349: 0 | DV349: 0 | DW349: 0 | DX349: 0 | DY349: 0 | DZ349: 0 | EA349: 0 | EB349: 0 | EC349: 0 | ED349: 0 | EE349: 0 | EF349: 0 | EG349: 0 | EH349: 0 | EI349: 0 | EJ349: 0 | EK349: 0 | EL349: 0 | EM349: 0 | EN349: 0 | EO349: 0 | EP349: 0 | EQ349: 0 | ER349: 0 | ES349: 0 | ET349: 0 | EU349: 0 | EV349: 0 | EW349: 0 | EX349: 0 | EY349: 0 | EZ349: 0 | FA349: 0 | FB349: 0 | FC349: 0 | FD349: 0 | FE349: 0 | FF349: 0 | FG349: 0 | FH349: 0 | FI349: 0 | FJ349: 0 | FK349: 0 | FL349: 0 | FM349: 0 | FN349: 0 | FO349: 0 | FP349: 0 | FQ349: 0 | FR349: 0 | FS349: 0 | FT349: 0 | FU349: 0 | FV349: 0 | FW349: 0 | FX349: 0 | FY349: 0 | FZ349: 0 | GA349: 0 | GB349: 0 | GC349: 0 | GD349: 0 | GE349: 0 | GF349: 0 | GG349: 0 | GH349: 0 | GI349: 0 | GJ349: 0 | GK349: 0 | GL349: 0 | GM349: 0 | GN349: 0 | GO349: 0 | GP349: 0 | GQ349: 0
A350: 2327 | B350: CRUMBED CHICK STEAKLETS | C350: 24 | D350: 40.66087 | E350: 0.668 | F350: 0 | G350: 0 | H350: 0 | I350: 0 | J350: 0 | K350: 0 | L350: 0 | M350: 0 | N350: 0 | O350: 0 | P350: 0 | Q350: 0 | R350: 64.765217 | S350: 1.064 | T350: 214.26087 | U350: 3.521 | V350: 71.46087 | W350: 1.174 | X350: 0 | Y350: 0 | Z350: 24.347826 | AA350: 0.4 | AB350: 334.53913 | AC350: 5.497 | AD350: 26.782609 | AE350: 0.44 | AF350: 147.30435 | AG350: 2.42 | AH350: 62.208696 | AI350: 1.022 | AJ350: 21.426087 | AK350: 0.352 | AL350: 21.182609 | AM350: 0.348 | AN350: 317.37391 | AO350: 5.215 | AP350: 211.82609 | AQ350: 3.48 | AR350: 112.12174 | AS350: 1.842 | AT350: 139.75652 | AU350: 2.296 | AV350: 239.33913 | AW350: 3.933 | AX350: 81.565217 | AY350: 1.34 | AZ350: 39.2 | BA350: 0.644 | BB350: 244.45217 | BC350: 4.017 | BD350: 460.17391 | BE350: 7.561 | BF350: 48.208696 | BG350: 0.792 | BH350: 0 | BI350: 0 | BJ350: 24.469565 | BK350: 0.402 | BL350: 0 | BM350: 0 | BN350: 86.556522 | BO350: 1.422 | BP350: 20.330435 | BQ350: 0.334 | BR350: 417.93043 | BS350: 6.867 | BT350: 86.434783 | BU350: 1.42 | BV350: 64.521739 | BW350: 1.06 | BX350: 24.591304 | BY350: 0.404 | BZ350: 50.156522 | CA350: 0.824 | CB350: 0 | CC350: 0 | CD350: 0 | CE350: 0 | CF350: 0 | CG350: 0 | CH350: 0 | CI350: 0 | CJ350: 232.03478 | CK350: 3.813 | CL350: 42 | CM350: 0.69 | CN350: 41.513043 | CO350: 0.682 | CP350: 66.469565 | CQ350: 1.092 | CR350: 342.2087 | CS350: 5.623 | CT350: 107.37391 | CU350: 1.764 | CV350: 127.58261 | CW350: 2.096 | CX350: 22.4 | CY350: 0.368 | CZ350: 133.42609 | DA350: 2.192 | DB350: 238.36522 | DC350: 3.917 | DD350: 114.55652 | DE350: 1.882 | DF350: 166.78261 | DG350: 2.74 | DH350: 221.93043 | DI350: 3.647 | DJ350: 73.165217 | DK350: 1.202 | DL350: 74.382609 | DM350: 1.222 | DN350: 24.226087 | DO350: 0.398 | DP350: 0 | DQ350: 0 | DR350: 102.26087 | DS350: 1.68 | DT350: 49.669565 | DU350: 0.816 | DV350: 48.695652 | DW350: 0.8 | DX350: 0 | DY350: 0 | DZ350: 0 | EA350: 0 | EB350: 24.104348 | EC350: 0.396 | ED350: 126.24348 | EE350: 2.074 | EF350: 52.956522 | EG350: 0.87 | EH350: 171.04348 | EI350: 2.81 | EJ350: 121.73913 | EK350: 2 | EL350: 49.06087 | EM350: 0.806 | EN350: 73.895652 | EO350: 1.214 | EP350: 111.62609 | EQ350: 1.834 | ER350: 0 | ES350: 0 | ET350: 20.330435 | EU350: 0.334 | EV350: 0 | EW350: 0 | EX350: 36.156522 | EY350: 0.594 | EZ350: 0 | FA350: 0 | FB350: 0 | FC350: 0 | FD350: 24.469565 | FE350: 0.402 | FF350: 0 | FG350: 0 | FH350: 0 | FI350: 0 | FJ350: 98 | FK350: 1.61 | FL350: 16.678261 | FM350: 0.274 | FN350: 0 | FO350: 0 | FP350: 32.017391 | FQ350: 0.526 | FR350: 0 | FS350: 0 | FT350: 271.47826 | FU350: 4.461 | FV350: 28.852174 | FW350: 0.474 | FX350: 74.382609 | FY350: 1.222 | FZ350: 0 | GA350: 0 | GB350: 0 | GC350: 0 | GD350: 0 | GE350: 0 | GF350: 0 | GG350: 0 | GH350: 0 | GI350: 0 | GJ350: 0 | GK350: 0 | GL350: 0 | GM350: 0 | GN350: 0 | GO350: 0 | GP350: 0 | GQ350: 0
A351: 2327 | B351: CRUMBED CHICK SCHNITZEL | C351: 24 | D351: 0 | E351: 0 | F351: 0 | G351: 0 | H351: 0 | I351: 0 | J351: 0 | K351: 0 | L351: 0 | M351: 0 | N351: 0 | O351: 0 | P351: 0 | Q351: 0 | R351: 0 | S351: 0 | T351: 0 | U351: 0 | V351: 0 | W351: 0 | X351: 0 | Y351: 0 | Z351: 0 | AA351: 0 | AB351: 0 | AC351: 0 | AD351: 0 | AE351: 0 | AF351: 0 | AG351: 0 | AH351: 0 | AI351: 0 | AJ351: 0 | AK351: 0 | AL351: 0 | AM351: 0 | AN351: 0 | AO351: 0 | AP351: 0 | AQ351: 0 | AR351: 0 | AS351: 0 | AT351: 0 | AU351: 0 | AV351: 0 | AW351: 0 | AX351: 0 | AY351: 0 | AZ351: 0 | BA351: 0 | BB351: 0 | BC351: 0 | BD351: 0 | BE351: 0 | BF351: 0 | BG351: 0 | BH351: 0 | BI351: 0 | BJ351: 0 | BK351: 0 | BL351: 0 | BM351: 0 | BN351: 0 | BO351: 0 | BP351: 0 | BQ351: 0 | BR351: 0 | BS351: 0 | BT351: 0 | BU351: 0 | BV351: 0 | BW351: 0 | BX351: 0 | BY351: 0 | BZ351: 0 | CA351: 0 | CB351: 0 | CC351: 0 | CD351: 0 | CE351: 0 | CF351: 0 | CG351: 0 | CH351: 0 | CI351: 0 | CJ351: 0 | CK351: 0 | CL351: 0 | CM351: 0 | CN351: 0 | CO351: 0 | CP351: 0 | CQ351: 0 | CR351: 0 | CS351: 0 | CT351: 0 | CU351: 0 | CV351: 0 | CW351: 0 | CX351: 0 | CY351: 0 | CZ351: 0 | DA351: 0 | DB351: 0 | DC351: 0 | DD351: 0 | DE351: 0 | DF351: 0 | DG351: 0 | DH351: 0 | DI351: 0 | DJ351: 0 | DK351: 0 | DL351: 0 | DM351: 0 | DN351: 0 | DO351: 0 | DP351: 0 | DQ351: 0 | DR351: 0 | DS351: 0 | DT351: 0 | DU351: 0 | DV351: 0 | DW351: 0 | DX351: 0 | DY351: 0 | DZ351: 0 | EA351: 0 | EB351: 0 | EC351: 0 | ED351: 0 | EE351: 0 | EF351: 0 | EG351: 0 | EH351: 0 | EI351: 0 | EJ351: 0 | EK351: 0 | EL351: 0 | EM351: 0 | EN351: 0 | EO351: 0 | EP351: 0 | EQ351: 0 | ER351: 0 | ES351: 0 | ET351: 0 | EU351: 0 | EV351: 0 | EW351: 0 | EX351: 0 | EY351: 0 | EZ351: 0 | FA351: 0 | FB351: 0 | FC351: 0 | FD351: 0 | FE351: 0 | FF351: 0 | FG351: 0 | FH351: 0 | FI351: 0 | FJ351: 0 | FK351: 0 | FL351: 0 | FM351: 0 | FN351: 0 | FO351: 0 | FP351: 0 | FQ351: 0 | FR351: 0 | FS351: 0 | FT351: 0 | FU351: 0 | FV351: 0 | FW351: 0 | FX351: 0 | FY351: 0 | FZ351: 0 | GA351: 0 | GB351: 0 | GC351: 0 | GD351: 0 | GE351: 0 | GF351: 0 | GG351: 0 | GH351: 0 | GI351: 0 | GJ351: 0 | GK351: 0 | GL351: 0 | GM351: 0 | GN351: 0 | GO351: 0 | GP351: 0 | GQ351: 0
A352: 2327 | B352: CRUMBED CHICKEN STRIPS | C352: 24 | D352: 0 | E352: 0 | F352: 23.008696 | G352: 0.378 | H352: 28.730435 | I352: 0.472 | J352: 0 | K352: 0 | L352: 0 | M352: 0 | N352: 0 | O352: 0 | P352: 0 | Q352: 0 | R352: 109.44348 | S352: 1.798 | T352: 141.94783 | U352: 2.332 | V352: 80.347826 | W352: 1.32 | X352: 36.4 | Y352: 0.598 | Z352: 156.55652 | AA352: 2.572 | AB352: 0 | AC352: 0 | AD352: 0 | AE352: 0 | AF352: 0 | AG352: 0 | AH352: 21.182609 | AI352: 0.348 | AJ352: 0 | AK352: 0 | AL352: 0 | AM352: 0 | AN352: 43.095652 | AO352: 0.708 | AP352: 0 | AQ352: 0 | AR352: 21.913043 | AS352: 0.36 | AT352: 23.617391 | AU352: 0.388 | AV352: 24.347826 | AW352: 0.4 | AX352: 24.591304 | AY352: 0.404 | AZ352: 25.930435 | BA352: 0.426 | BB352: 0 | BC352: 0 | BD352: 242.50435 | BE352: 3.985 | BF352: 77.304348 | BG352: 1.27 | BH352: 68.782609 | BI352: 1.13 | BJ352: 27.634783 | BK352: 0.454 | BL352: 26.295652 | BM352: 0.432 | BN352: 107.0087 | BO352: 1.758 | BP352: 26.782609 | BQ352: 0.44 | BR352: 0 | BS352: 0 | BT352: 26.66087 | BU352: 0.438 | BV352: 0 | BW352: 0 | BX352: 26.66087 | BY352: 0.438 | BZ352: 24.713043 | CA352: 0.406 | CB352: 0 | CC352: 0 | CD352: 0 | CE352: 0 | CF352: 0 | CG352: 0 | CH352: 0 | CI352: 0 | CJ352: 84.608696 | CK352: 1.39 | CL352: 42 | CM352: 0.69 | CN352: 0 | CO352: 0 | CP352: 0 | CQ352: 0 | CR352: 46.991304 | CS352: 0.772 | CT352: 102.62609 | CU352: 1.686 | CV352: 0 | CW352: 0 | CX352: 25.565217 | CY352: 0.42 | CZ352: 25.686957 | DA352: 0.422 | DB352: 103.6 | DC352: 1.702 | DD352: 43.46087 | DE352: 0.714 | DF352: 25.2 | DG352: 0.414 | DH352: 133.90435 | DI352: 2.2 | DJ352: 0 | DK352: 0 | DL352: 103.47826 | DM352: 1.7 | DN352: 0 | DO352: 0 | DP352: 0 | DQ352: 0 | DR352: 27.513043 | DS352: 0.452 | DT352: 102.38261 | DU352: 1.682 | DV352: 0 | DW352: 0 | DX352: 49.547826 | DY352: 0.814 | DZ352: 24.956522 | EA352: 0.41 | EB352: 21.426087 | EC352: 0.352 | ED352: 60.626087 | EE352: 0.996 | EF352: 0 | EG352: 0 | EH352: 84.121739 | EI352: 1.382 | EJ352: 22.886957 | EK352: 0.376 | EL352: 0 | EM352: 0 | EN352: 96.052174 | EO352: 1.578 | EP352: 22.4 | EQ352: 0.368 | ER352: 67.321739 | ES352: 1.106 | ET352: 119.91304 | EU352: 1.97 | EV352: 45.286957 | EW352: 0.744 | EX352: 92.4 | EY352: 1.518 | EZ352: 22.521739 | FA352: 0.37 | FB352: 0 | FC352: 0 | FD352: 0 | FE352: 0 | FF352: 49.304348 | FG352: 0.81 | FH352: 0 | FI352: 0 | FJ352: 24.956522 | FK352: 0.41 | FL352: 22.156522 | FM352: 0.364 | FN352: 49.547826 | FO352: 0.814 | FP352: 76.573913 | FQ352: 1.258 | FR352: 26.782609 | FS352: 0.44 | FT352: 53.443478 | FU352: 0.878 | FV352: 124.90435 | FW352: 2.052 | FX352: 0 | FY352: 0 | FZ352: 0 | GA352: 0 | GB352: 53.565217 | GC352: 0.88 | GD352: 0 | GE352: 0 | GF352: 51.982609 | GG352: 0.854 | GH352: 21.182609 | GI352: 0.348 | GJ352: 0 | GK352: 0 | GL352: 53.565217 | GM352: 0.88 | GN352: 0 | GO352: 0 | GP352: 0 | GQ352: 0
A353: 2327 | B353: CRUMBED CHICKEN BURGER | C353: 24 | D353: 35.791304 | E353: 0.588 | F353: 72.434783 | G353: 1.19 | H353: 0 | I353: 0 | J353: 0 | K353: 0 | L353: 0 | M353: 0 | N353: 0 | O353: 0 | P353: 0 | Q353: 0 | R353: 199.28696 | S353: 3.274 | T353: 126 | U353: 2.07 | V353: 108.5913 | W353: 1.784 | X353: 50.156522 | Y353: 0.824 | Z353: 179.07826 | AA353: 2.942 | AB353: 225.09565 | AC353: 3.699 | AD353: 58.921739 | AE353: 0.968 | AF353: 39.443478 | AG353: 0.648 | AH353: 58.191304 | AI353: 0.956 | AJ353: 103.6 | AK353: 1.702 | AL353: 0 | AM353: 0 | AN353: 94.713043 | AO353: 1.556 | AP353: 226.1913 | AQ353: 3.717 | AR353: 57.947826 | AS353: 0.952 | AT353: 0 | AU353: 0 | AV353: 0 | AW353: 0 | AX353: 0 | AY353: 0 | AZ353: 0 | BA353: 0 | BB353: 0 | BC353: 0 | BD353: 397.72174 | BE353: 6.535 | BF353: 173.47826 | BG353: 2.85 | BH353: 87.652174 | BI353: 1.44 | BJ353: 88.504348 | BK353: 1.454 | BL353: 0 | BM353: 0 | BN353: 39.078261 | BO353: 0.642 | BP353: 154.36522 | BQ353: 2.536 | BR353: 0 | BS353: 0 | BT353: 0 | BU353: 0 | BV353: 0 | BW353: 0 | BX353: 38.104348 | BY353: 0.626 | BZ353: 134.76522 | CA353: 2.214 | CB353: 57.217391 | CC353: 0.94 | CD353: 57.826087 | CE353: 0.95 | CF353: 133.91304 | CG353: 2.2 | CH353: 34.208696 | CI353: 0.562 | CJ353: 150.83478 | CK353: 2.478 | CL353: 95.2 | CM353: 1.564 | CN353: 38.713043 | CO353: 0.636 | CP353: 19.234783 | CQ353: 0.316 | CR353: 199.53043 | CS353: 3.278 | CT353: 94.104348 | CU353: 1.546 | CV353: 38.104348 | CW353: 0.626 | CX353: 18.869565 | CY353: 0.31 | CZ353: 134.64348 | DA353: 2.212 | DB353: 271.84348 | DC353: 4.467 | DD353: 97.513043 | DE353: 1.602 | DF353: 261.61739 | DG353: 4.299 | DH353: 304.22609 | DI353: 4.999 | DJ353: 96.052174 | DK353: 1.578 | DL353: 151.68696 | DM353: 2.492 | DN353: 57.826087 | DO353: 0.95 | DP353: 151.56522 | DQ353: 2.49 | DR353: 144.01739 | DS353: 2.366 | DT353: 28.852174 | DU353: 0.474 | DV353: 0 | DW353: 0 | DX353: 0 | DY353: 0 | DZ353: 0 | EA353: 0 | EB353: 32.504348 | EC353: 0.534 | ED353: 147.66957 | EE353: 2.426 | EF353: 110.53913 | EG353: 1.816 | EH353: 111.75652 | EI353: 1.836 | EJ353: 111.3913 | EK353: 1.83 | EL353: 18.626087 | EM353: 0.306 | EN353: 73.530435 | EO353: 1.208 | EP353: 156.67826 | EQ353: 2.574 | ER353: 36.765217 | ES353: 0.604 | ET353: 63.913043 | EU353: 1.05 | EV353: 147.66957 | EW353: 2.426 | EX353: 92.643478 | EY353: 1.522 | EZ353: 46.26087 | FA353: 0.76 | FB353: 0 | FC353: 0 | FD353: 0 | FE353: 0 | FF353: 0 | FG353: 0 | FH353: 0 | FI353: 0 | FJ353: 0 | FK353: 0 | FL353: 0 | FM353: 0 | FN353: 0 | FO353: 0 | FP353: 0 | FQ353: 0 | FR353: 0 | FS353: 0 | FT353: 169.70435 | FU353: 2.788 | FV353: 132.69565 | FW353: 2.18 | FX353: 75.356522 | FY353: 1.238 | FZ353: 0 | GA353: 0 | GB353: 0 | GC353: 0 | GD353: 0 | GE353: 0 | GF353: 0 | GG353: 0 | GH353: 0 | GI353: 0 | GJ353: 0 | GK353: 0 | GL353: 0 | GM353: 0 | GN353: 0 | GO353: 0 | GP353: 0 | GQ353: 0
A354: 202 | B354: FLANK BEEF STEW CUBES | C354: 2 | D354: 0 | E354: 0 | F354: 0 | G354: 0 | H354: 0 | I354: 0 | J354: 0 | K354: 0 | L354: 0 | M354: 0 | N354: 0 | O354: 0 | P354: 0 | Q354: 0 | R354: 0 | S354: 0 | T354: 0 | U354: 0 | V354: 0 | W354: 0 | X354: 0 | Y354: 0 | Z354: 0 | AA354: 0 | AB354: 0 | AC354: 0 | AD354: 0 | AE354: 0 | AF354: 0 | AG354: 0 | AH354: 0 | AI354: 0 | AJ354: 0 | AK354: 0 | AL354: 0 | AM354: 0 | AN354: 0 | AO354: 0 | AP354: 0 | AQ354: 0 | AR354: 0 | AS354: 0 | AT354: 0 | AU354: 0 | AV354: 0 | AW354: 0 | AX354: 0 | AY354: 0 | AZ354: 0 | BA354: 0 | BB354: 0 | BC354: 0 | BD354: 0 | BE354: 0 | BF354: 0 | BG354: 0 | BH354: 0 | BI354: 0 | BJ354: 0 | BK354: 0 | BL354: 0 | BM354: 0 | BN354: 0 | BO354: 0 | BP354: 0 | BQ354: 0 | BR354: 0 | BS354: 0 | BT354: 0 | BU354: 0 | BV354: 0 | BW354: 0 | BX354: 0 | BY354: 0 | BZ354: 0 | CA354: 0 | CB354: 0 | CC354: 0 | CD354: 0 | CE354: 0 | CF354: 0 | CG354: 0 | CH354: 0 | CI354: 0 | CJ354: 0 | CK354: 0 | CL354: 0 | CM354: 0 | CN354: 0 | CO354: 0 | CP354: 0 | CQ354: 0 | CR354: 0 | CS354: 0 | CT354: 0 | CU354: 0 | CV354: 0 | CW354: 0 | CX354: 0 | CY354: 0 | CZ354: 0 | DA354: 0 | DB354: 0 | DC354: 0 | DD354: 0 | DE354: 0 | DF354: 0 | DG354: 0 | DH354: 0 | DI354: 0 | DJ354: 0 | DK354: 0 | DL354: 0 | DM354: 0 | DN354: 0 | DO354: 0 | DP354: 0 | DQ354: 0 | DR354: 0 | DS354: 0 | DT354: 0 | DU354: 0 | DV354: 0 | DW354: 0 | DX354: 0 | DY354: 0 | DZ354: 0 | EA354: 0 | EB354: 0 | EC354: 0 | ED354: 0 | EE354: 0 | EF354: 0 | EG354: 0 | EH354: 0 | EI354: 0 | EJ354: 0 | EK354: 0 | EL354: 0 | EM354: 0 | EN354: 0 | EO354: 0 | EP354: 0 | EQ354: 0 | ER354: 0 | ES354: 0 | ET354: 0 | EU354: 0 | EV354: 0 | EW354: 0 | EX354: 0 | EY354: 0 | EZ354: 0 | FA354: 0 | FB354: 0 | FC354: 0 | FD354: 0 | FE354: 0 | FF354: 0 | FG354: 0 | FH354: 0 | FI354: 0 | FJ354: 0 | FK354: 0 | FL354: 0 | FM354: 0 | FN354: 0 | FO354: 0 | FP354: 0 | FQ354: 0 | FR354: 0 | FS354: 0 | FT354: 0 | FU354: 0 | FV354: 0 | FW354: 0 | FX354: 0 | FY354: 0 | FZ354: 0 | GA354: 0 | GB354: 0 | GC354: 0 | GD354: 0 | GE354: 0 | GF354: 0 | GG354: 0 | GH354: 0 | GI354: 0 | GJ354: 0 | GK354: 0 | GL354: 0 | GM354: 0 | GN354: 0 | GO354: 0 | GP354: 0 | GQ354: 0
... A650: 1143 | B650: BUTCHERY LABELS 15% | C650: 2 | D650: 0 | E650: 0 | F650: 0 | G650: 0 | H650: 0 | I650: 0 | J650: 0 | K650: 0 | L650: 0 | M650: 0 | N650: 0 | O650: 0 | P650: 0 | Q650: 0 | R650: 0 | S650: 0 | T650: 0 | U650: 0 | V650: 0 | W650: 0 | X650: 0 | Y650: 0 | Z650: 0 | AA650: 0 | AB650: 0 | AC650: 0 | AD650: 0 | AE650: 0 | AF650: 0 | AG650: 0 | AH650: 0 | AI650: 0 | AJ650: 0 | AK650: 0 | AL650: 0 | AM650: 0 | AN650: 0 | AO650: 0 | AP650: 0 | AQ650: 0 | AR650: 0 | AS650: 0 | AT650: 0 | AU650: 0 | AV650: 0 | AW650: 0 | AX650: 0 | AY650: 0 | AZ650: 0 | BA650: 0 | BB650: 0 | BC650: 0 | BD650: 0 | BE650: 0 | BF650: 0 | BG650: 0 | BH650: 0 | BI650: 0 | BJ650: 0 | BK650: 0 | BL650: 0 | BM650: 0 | BN650: 0 | BO650: 0 | BP650: 0 | BQ650: 0 | BR650: 0 | BS650: 0 | BT650: 0 | BU650: 0 | BV650: 0 | BW650: 0 | BX650: 0 | BY650: 0 | BZ650: 0 | CA650: 0 | CB650: 0 | CC650: 0 | CD650: 0 | CE650: 0 | CF650: 0 | CG650: 0 | CH650: 0 | CI650: 0 | CJ650: 0 | CK650: 0 | CL650: 0 | CM650: 0 | CN650: 0 | CO650: 0 | CP650: 0 | CQ650: 0 | CR650: 0 | CS650: 0 | CT650: 0 | CU650: 0 | CV650: 0 | CW650: 0 | CX650: 0 | CY650: 0 | CZ650: 0 | DA650: 0 | DB650: 0 | DC650: 0 | DD650: 0 | DE650: 0 | DF650: 0 | DG650: 0 | DH650: 0 | DI650: 0 | DJ650: 0 | DK650: 0 | DL650: 0 | DM650: 0 | DN650: 0 | DO650: 0 | DP650: 0 | DQ650: 0 | DR650: 0 | DS650: 0 | DT650: 0 | DU650: 0 | DV650: 0 | DW650: 0 | DX650: 0 | DY650: 0 | DZ650: 0 | EA650: 0 | EB650: 0 | EC650: 0 | ED650: 0 | EE650: 0 | EF650: 0 | EG650: 0 | EH650: 0 | EI650: 0 | EJ650: 0 | EK650: 0 | EL650: 0 | EM650: 0 | EN650: 0 | EO650: 0 | EP650: 0 | EQ650: 0 | ER650: 0 | ES650: 0 | ET650: 0 | EU650: 0 | EV650: 0 | EW650: 0 | EX650: 0 | EY650: 0 | EZ650: 0 | FA650: 0 | FB650: 0 | FC650: 0 | FD650: 0 | FE650: 0 | FF650: 0 | FG650: 0 | FH650: 0 | FI650: 0 | FJ650: 0 | FK650: 0 | FL650: 0 | FM650: 0 | FN650: 0 | FO650: 0 | FP650: 0 | FQ650: 0 | FR650: 0 | FS650: 0 | FT650: 0 | FU650: 0 | FV650: 0 | FW650: 0 | FX650: 0 | FY650: 0 | FZ650: 0 | GA650: 0 | GB650: 0 | GC650: 0 | GD650: 0 | GE650: 0 | GF650: 0 | GG650: 0 | GH650: 0 | GI650: 0 | GJ650: 0 | GK650: 0 | GL650: 0 | GM650: 0 | GN650: 0 | GO650: 0 | GP650: 0 | GQ650: 0
