Workbook

Sheet Overview
A1: Invoice Analysis Workbook
A2: Transaction insights and September–October weekly forecast
A5: CONTENTS | B5: PURPOSE
A6: Insights | B6: Invoice KPIs, monthly trends, distribution, and data-quality findings.
A7: Weekly Forecast | B7: Monday–Sunday ETS forecast with September actual comparison.
A8: Transactions | B8: Source invoice ledger used by both analytical sheets.

Sheet Insights
A1: Invoice Transaction Insights
A2: Complete analysis of 1,968 invoices | 1 Jan–10 Sep 2026 | September is month-to-date
A4: TOTAL VALUE | D4: INVOICE COUNT | G4: AVERAGE INVOICE | J4: MEDIAN INVOICE
A5: =SUM(Transactions!$H$2:$H$1969) -> 810627.09 | D5: =COUNTA(Transactions!$B$2:$B$1969) -> 1968 | G5: =AVERAGE(Transactions!$H$2:$H$1969) -> 411.90401 | J5: =MEDIAN(Transactions!$H$2:$H$1969) -> 329.955
A8: STORY IN BRIEF
A9: This worksheet is a clean invoice ledger: every record belongs to customer 999999, document type Inv, and origin Sigma. Total billed value is 810,627.09, with a typical invoice of 329.96 (median) versus a 411.90 average, indicating a right-skew from a small number of large invoices. July is the strongest completed month at 109,158.51, while August has the highest completed-month average invoice at 448.54. September currently totals 32,233.48 through 10 September and should not be compared directly with full months. Data integrity is strong—Nett Value plus VAT matches Total Value for every row, document numbers are unique, and there are no zero or negative transactions; however, all comments are blank and the constant customer/type/origin fields limit segmentation.
A13: VISUAL OVERVIEW
A32: MONTHLY PERFORMANCE | F32: TOP 10 INVOICES
A33: Month | B33: Invoices | C33: Total Value | D33: Average Invoice | F33: Date | G33: Doc. No. | H33: Nett Value | I33: VAT | J33: Total Value | K33: Type | L33: Origin
A34: 46023 | B34: {=SUMPRODUCT(--(RIGHT(Transactions!$D$2:$D$1969,4)=TEXT(YEAR($A34),"0")),--(MID(Transactions!$D$2:$D$1969,4,2)=TEXT(MONTH($A34),"00")))} -> 242 | C34: {=SUMPRODUCT((RIGHT(Transactions!$D$2:$D$1969,4)=TEXT(YEAR($A34),"0"))*(MID(Transactions!$D$2:$D$1969,4,2)=TEXT(MONTH($A34),"00"))*Transactions!$H$2:$H$1969)} -> 95095.85 | D34: =IF(B34=0,0,C34/B34) -> 392.95806 | F34: 46273 | G34: 536154 | H34: 1972.93 | I34: 244.05 | J34: 2216.98 | K34: Inv | L34: Sigma
A35: 46054 | B35: {=SUMPRODUCT(--(RIGHT(Transactions!$D$2:$D$1969,4)=TEXT(YEAR($A35),"0")),--(MID(Transactions!$D$2:$D$1969,4,2)=TEXT(MONTH($A35),"00")))} -> 226 | C35: {=SUMPRODUCT((RIGHT(Transactions!$D$2:$D$1969,4)=TEXT(YEAR($A35),"0"))*(MID(Transactions!$D$2:$D$1969,4,2)=TEXT(MONTH($A35),"00"))*Transactions!$H$2:$H$1969)} -> 85826.99 | D35: =IF(B35=0,0,C35/B35) -> 379.76544 | F35: 19/01/2026 | G35: 513188 | H35: 1879.11 | I35: 167.44 | J35: 2046.55 | K35: Inv | L35: Sigma
A36: 46082 | B36: {=SUMPRODUCT(--(RIGHT(Transactions!$D$2:$D$1969,4)=TEXT(YEAR($A36),"0")),--(MID(Transactions!$D$2:$D$1969,4,2)=TEXT(MONTH($A36),"00")))} -> 251 | C36: {=SUMPRODUCT((RIGHT(Transactions!$D$2:$D$1969,4)=TEXT(YEAR($A36),"0"))*(MID(Transactions!$D$2:$D$1969,4,2)=TEXT(MONTH($A36),"00"))*Transactions!$H$2:$H$1969)} -> 104577.3 | D36: =IF(B36=0,0,C36/B36) -> 416.64263 | F36: 31/07/2026 | G36: 535316 | H36: 1772.4 | I36: 189.08 | J36: 1961.48 | K36: Inv | L36: Sigma
A37: 46113 | B37: {=SUMPRODUCT(--(RIGHT(Transactions!$D$2:$D$1969,4)=TEXT(YEAR($A37),"0")),--(MID(Transactions!$D$2:$D$1969,4,2)=TEXT(MONTH($A37),"00")))} -> 244 | C37: {=SUMPRODUCT((RIGHT(Transactions!$D$2:$D$1969,4)=TEXT(YEAR($A37),"0"))*(MID(Transactions!$D$2:$D$1969,4,2)=TEXT(MONTH($A37),"00"))*Transactions!$H$2:$H$1969)} -> 94734.53 | D37: =IF(B37=0,0,C37/B37) -> 388.25627 | F37: 46121 | G37: 537475 | H37: 1775.52 | I37: 174.55 | J37: 1950.07 | K37: Inv | L37: Sigma
A38: 46143 | B38: {=SUMPRODUCT(--(RIGHT(Transactions!$D$2:$D$1969,4)=TEXT(YEAR($A38),"0")),--(MID(Transactions!$D$2:$D$1969,4,2)=TEXT(MONTH($A38),"00")))} -> 226 | C38: {=SUMPRODUCT((RIGHT(Transactions!$D$2:$D$1969,4)=TEXT(YEAR($A38),"0"))*(MID(Transactions!$D$2:$D$1969,4,2)=TEXT(MONTH($A38),"00"))*Transactions!$H$2:$H$1969)} -> 96275.61 | D38: =IF(B38=0,0,C38/B38) -> 425.99827 | F38: 46357 | G38: 512519 | H38: 1726.64 | I38: 208.91 | J38: 1935.55 | K38: Inv | L38: Sigma
A39: 46174 | B39: {=SUMPRODUCT(--(RIGHT(Transactions!$D$2:$D$1969,4)=TEXT(YEAR($A39),"0")),--(MID(Transactions!$D$2:$D$1969,4,2)=TEXT(MONTH($A39),"00")))} -> 219 | C39: {=SUMPRODUCT((RIGHT(Transactions!$D$2:$D$1969,4)=TEXT(YEAR($A39),"0"))*(MID(Transactions!$D$2:$D$1969,4,2)=TEXT(MONTH($A39),"00"))*Transactions!$H$2:$H$1969)} -> 90009.29 | D39: =IF(B39=0,0,C39/B39) -> 411.00132 | F39: 46086 | G39: 524938 | H39: 1497.78 | I39: 165.88 | J39: 1663.66 | K39: Inv | L39: Sigma
A40: 46204 | B40: {=SUMPRODUCT(--(RIGHT(Transactions!$D$2:$D$1969,4)=TEXT(YEAR($A40),"0")),--(MID(Transactions!$D$2:$D$1969,4,2)=TEXT(MONTH($A40),"00")))} -> 256 | C40: {=SUMPRODUCT((RIGHT(Transactions!$D$2:$D$1969,4)=TEXT(YEAR($A40),"0"))*(MID(Transactions!$D$2:$D$1969,4,2)=TEXT(MONTH($A40),"00"))*Transactions!$H$2:$H$1969)} -> 109158.51 | D40: =IF(B40=0,0,C40/B40) -> 426.40043 | F40: 46150 | G40: 535837 | H40: 1494.48 | I40: 163.14 | J40: 1657.62 | K40: Inv | L40: Sigma
A41: 46235 | B41: {=SUMPRODUCT(--(RIGHT(Transactions!$D$2:$D$1969,4)=TEXT(YEAR($A41),"0")),--(MID(Transactions!$D$2:$D$1969,4,2)=TEXT(MONTH($A41),"00")))} -> 229 | C41: {=SUMPRODUCT((RIGHT(Transactions!$D$2:$D$1969,4)=TEXT(YEAR($A41),"0"))*(MID(Transactions!$D$2:$D$1969,4,2)=TEXT(MONTH($A41),"00"))*Transactions!$H$2:$H$1969)} -> 102715.53 | D41: =IF(B41=0,0,C41/B41) -> 448.53943 | F41: 46061 | G41: 535356 | H41: 1423.26 | I41: 177.35 | J41: 1600.61 | K41: Inv | L41: Sigma
A42: 46266 | B42: {=SUMPRODUCT(--(RIGHT(Transactions!$D$2:$D$1969,4)=TEXT(YEAR($A42),"0")),--(MID(Transactions!$D$2:$D$1969,4,2)=TEXT(MONTH($A42),"00")))} -> 75 | C42: {=SUMPRODUCT((RIGHT(Transactions!$D$2:$D$1969,4)=TEXT(YEAR($A42),"0"))*(MID(Transactions!$D$2:$D$1969,4,2)=TEXT(MONTH($A42),"00"))*Transactions!$H$2:$H$1969)} -> 32233.48 | D42: =IF(B42=0,0,C42/B42) -> 429.77973 | F42: 13/06/2026 | G42: 528891 | H42: 1331.95 | I42: 171.68 | J42: 1503.63 | K42: Inv | L42: Sigma
F43: 46083 | G43: 515674 | H43: 1330.02 | I43: 169.51 | J43: 1499.53 | K43: Inv | L43: Sigma
A46: TRANSACTION SIZE DISTRIBUTION | F46: DATA QUALITY & SCOPE
A47: Invoice Band | B47: Count | F47: Check | G47: Result | H47: Assessment
A48: Under 100 | B48: =COUNTIF(Transactions!$H$2:$H$1969,"<100") -> 16 | F48: Nett + VAT = Total | G48: 1,968 / 1,968 | H48: Pass
A49: 100–249.99 | B49: =COUNTIFS(Transactions!$H$2:$H$1969,">=100",Transactions!$H$2:$H$1969,"<250") -> 652 | F49: Unique document numbers | G49: 1,968 / 1,968 | H49: Pass
A50: 250–499.99 | B50: =COUNTIFS(Transactions!$H$2:$H$1969,">=250",Transactions!$H$2:$H$1969,"<500") -> 762 | F50: Zero / negative totals | G50: 0 | H50: Pass
A51: 500–999.99 | B51: =COUNTIFS(Transactions!$H$2:$H$1969,">=500",Transactions!$H$2:$H$1969,"<1000") -> 444 | F51: Nonblank comments | G51: 0 | H51: Attention
A52: 1,000+ | B52: =COUNTIF(Transactions!$H$2:$H$1969,">=1000") -> 94 | F52: Distinct customer/type/origin | G52: 36892 | H52: Limited scope

Sheet Weekly Forecast
A1: Weekly Invoice Forecast | September–October 2026
A2: Monday–Sunday weeks | ETS trained on complete weeks from 5 Jan–30 Aug | Actuals currently through 10 Sep
A4: SEPTEMBER W/C FORECAST | D4: OCTOBER W/C FORECAST | G4: SEPTEMBER ACTUAL TO DATE | J4: SEPTEMBER VARIANCE TO DATE
A5: =SUM(B53:B57) -> 122533.35 | D5: =SUM(B58:B61) -> 99767.767 | G5: =SUM(C53:C57) -> 32690.37 | J5: =SUM(C53:C57)-SUM(D53:D57) -> -5571.3838
B6: {=DATE(VALUE(RIGHT(LOOKUP(2,1/(Transactions!$D$2:$D$1969<>""),Transactions!$D$2:$D$1969),4)),VALUE(MID(LOOKUP(2,1/(Transactions!$D$2:$D$1969<>""),Transactions!$D$2:$D$1969),4,2)),VALUE(LEFT(LOOKUP(2,1/(Transactions!$D$2:$D$1969<>""),Transactions!$D$2:$D$1969),2)))} -> 46275
A8: MODEL NOTES
A9: ="ETS projects "&TEXT(A5,"#,##0.00")&" across the five September week-commencing periods and "&TEXT(D5,"#,##0.00")&" across the four October periods. Actuals through "&TEXT(B6,"dd mmm")&" are "&TEXT(G5,"#,##0.00")&", which is "&TEXT(ABS(J5),"#,##0.00")&IF(J5<0," below"," above")&" the comparable forecast-to-date. Training uses 34 complete Monday–Sunday weeks from 5 Jan through 30 Aug; the partial boundary periods 1–4 Jan and 31 Aug are excluded from training." -> ETS projects 122,533.35 across the five September week-commencing periods and 99,767.77 across the four October periods. Actuals through 10 Sep are 32,690.37, which is 5,571.38 below the comparable forecast-to-date. Training uses 34 complete Monday–Sunday weeks from 5 Jan through 30 Aug; the partial boundary periods 1–4 Jan and 31 Aug are excluded from training.
A13: TRAINING HISTORY — COMPLETE WEEKS
A14: Week Commencing | B14: Actual Total Value
A15: 46027 | B15: {=SUMPRODUCT((DATE(VALUE(RIGHT(Transactions!$D$2:$D$1969,4)),VALUE(MID(Transactions!$D$2:$D$1969,4,2)),VALUE(LEFT(Transactions!$D$2:$D$1969,2)))>=A15)*(DATE(VALUE(RIGHT(Transactions!$D$2:$D$1969,4)),VALUE(MID(Transactions!$D$2:$D$1969,4,2)),VALUE(LEFT(Transactions!$D$2:$D$1969,2)))<=A15+6)*Transactions!$H$2:$H$1969)} -> 19710.65
A16: 46034 | B16: {=SUMPRODUCT((DATE(VALUE(RIGHT(Transactions!$D$2:$D$1969,4)),VALUE(MID(Transactions!$D$2:$D$1969,4,2)),VALUE(LEFT(Transactions!$D$2:$D$1969,2)))>=A16)*(DATE(VALUE(RIGHT(Transactions!$D$2:$D$1969,4)),VALUE(MID(Transactions!$D$2:$D$1969,4,2)),VALUE(LEFT(Transactions!$D$2:$D$1969,2)))<=A16+6)*Transactions!$H$2:$H$1969)} -> 21183.83
A17: 46041 | B17: {=SUMPRODUCT((DATE(VALUE(RIGHT(Transactions!$D$2:$D$1969,4)),VALUE(MID(Transactions!$D$2:$D$1969,4,2)),VALUE(LEFT(Transactions!$D$2:$D$1969,2)))>=A17)*(DATE(VALUE(RIGHT(Transactions!$D$2:$D$1969,4)),VALUE(MID(Transactions!$D$2:$D$1969,4,2)),VALUE(LEFT(Transactions!$D$2:$D$1969,2)))<=A17+6)*Transactions!$H$2:$H$1969)} -> 23156.71
A18: 46048 | B18: {=SUMPRODUCT((DATE(VALUE(RIGHT(Transactions!$D$2:$D$1969,4)),VALUE(MID(Transactions!$D$2:$D$1969,4,2)),VALUE(LEFT(Transactions!$D$2:$D$1969,2)))>=A18)*(DATE(VALUE(RIGHT(Transactions!$D$2:$D$1969,4)),VALUE(MID(Transactions!$D$2:$D$1969,4,2)),VALUE(LEFT(Transactions!$D$2:$D$1969,2)))<=A18+6)*Transactions!$H$2:$H$1969)} -> 21543.73
A19: 46055 | B19: {=SUMPRODUCT((DATE(VALUE(RIGHT(Transactions!$D$2:$D$1969,4)),VALUE(MID(Transactions!$D$2:$D$1969,4,2)),VALUE(LEFT(Transactions!$D$2:$D$1969,2)))>=A19)*(DATE(VALUE(RIGHT(Transactions!$D$2:$D$1969,4)),VALUE(MID(Transactions!$D$2:$D$1969,4,2)),VALUE(LEFT(Transactions!$D$2:$D$1969,2)))<=A19+6)*Transactions!$H$2:$H$1969)} -> 23580.85
A20: 46062 | B20: {=SUMPRODUCT((DATE(VALUE(RIGHT(Transactions!$D$2:$D$1969,4)),VALUE(MID(Transactions!$D$2:$D$1969,4,2)),VALUE(LEFT(Transactions!$D$2:$D$1969,2)))>=A20)*(DATE(VALUE(RIGHT(Transactions!$D$2:$D$1969,4)),VALUE(MID(Transactions!$D$2:$D$1969,4,2)),VALUE(LEFT(Transactions!$D$2:$D$1969,2)))<=A20+6)*Transactions!$H$2:$H$1969)} -> 15377.18
A21: 46069 | B21: {=SUMPRODUCT((DATE(VALUE(RIGHT(Transactions!$D$2:$D$1969,4)),VALUE(MID(Transactions!$D$2:$D$1969,4,2)),VALUE(LEFT(Transactions!$D$2:$D$1969,2)))>=A21)*(DATE(VALUE(RIGHT(Transactions!$D$2:$D$1969,4)),VALUE(MID(Transactions!$D$2:$D$1969,4,2)),VALUE(LEFT(Transactions!$D$2:$D$1969,2)))<=A21+6)*Transactions!$H$2:$H$1969)} -> 19002.3
A22: 46076 | B22: {=SUMPRODUCT((DATE(VALUE(RIGHT(Transactions!$D$2:$D$1969,4)),VALUE(MID(Transactions!$D$2:$D$1969,4,2)),VALUE(LEFT(Transactions!$D$2:$D$1969,2)))>=A22)*(DATE(VALUE(RIGHT(Transactions!$D$2:$D$1969,4)),VALUE(MID(Transactions!$D$2:$D$1969,4,2)),VALUE(LEFT(Transactions!$D$2:$D$1969,2)))<=A22+6)*Transactions!$H$2:$H$1969)} -> 29847.09
A23: 46083 | B23: {=SUMPRODUCT((DATE(VALUE(RIGHT(Transactions!$D$2:$D$1969,4)),VALUE(MID(Transactions!$D$2:$D$1969,4,2)),VALUE(LEFT(Transactions!$D$2:$D$1969,2)))>=A23)*(DATE(VALUE(RIGHT(Transactions!$D$2:$D$1969,4)),VALUE(MID(Transactions!$D$2:$D$1969,4,2)),VALUE(LEFT(Transactions!$D$2:$D$1969,2)))<=A23+6)*Transactions!$H$2:$H$1969)} -> 19678.3
A24: 46090 | B24: {=SUMPRODUCT((DATE(VALUE(RIGHT(Transactions!$D$2:$D$1969,4)),VALUE(MID(Transactions!$D$2:$D$1969,4,2)),VALUE(LEFT(Transactions!$D$2:$D$1969,2)))>=A24)*(DATE(VALUE(RIGHT(Transactions!$D$2:$D$1969,4)),VALUE(MID(Transactions!$D$2:$D$1969,4,2)),VALUE(LEFT(Transactions!$D$2:$D$1969,2)))<=A24+6)*Transactions!$H$2:$H$1969)} -> 26078.41
A25: 46097 | B25: {=SUMPRODUCT((DATE(VALUE(RIGHT(Transactions!$D$2:$D$1969,4)),VALUE(MID(Transactions!$D$2:$D$1969,4,2)),VALUE(LEFT(Transactions!$D$2:$D$1969,2)))>=A25)*(DATE(VALUE(RIGHT(Transactions!$D$2:$D$1969,4)),VALUE(MID(Transactions!$D$2:$D$1969,4,2)),VALUE(LEFT(Transactions!$D$2:$D$1969,2)))<=A25+6)*Transactions!$H$2:$H$1969)} -> 20271.04
A26: 46104 | B26: {=SUMPRODUCT((DATE(VALUE(RIGHT(Transactions!$D$2:$D$1969,4)),VALUE(MID(Transactions!$D$2:$D$1969,4,2)),VALUE(LEFT(Transactions!$D$2:$D$1969,2)))>=A26)*(DATE(VALUE(RIGHT(Transactions!$D$2:$D$1969,4)),VALUE(MID(Transactions!$D$2:$D$1969,4,2)),VALUE(LEFT(Transactions!$D$2:$D$1969,2)))<=A26+6)*Transactions!$H$2:$H$1969)} -> 25353.05
... A48: 46258 | B48: {=SUMPRODUCT((DATE(VALUE(RIGHT(Transactions!$D$2:$D$1969,4)),VALUE(MID(Transactions!$D$2:$D$1969,4,2)),VALUE(LEFT(Transactions!$D$2:$D$1969,2)))>=A48)*(DATE(VALUE(RIGHT(Transactions!$D$2:$D$1969,4)),VALUE(MID(Transactions!$D$2:$D$1969,4,2)),VALUE(LEFT(Transactions!$D$2:$D$1969,2)))<=A48+6)*Transactions!$H$2:$H$1969)} -> 28011.12
A51: FORECAST VS ACTUAL
A52: Week Commencing | B52: Full-Week Forecast | C52: Actual Available | D52: Forecast to Date | E52: Variance to Date | F52: Variance % | G52: Coverage
A53: 46265 | B53: =_xlfn.FORECAST.ETS(A53,$B$15:$B$48,$A$15:$A$48,1,1,1) -> 24313.215 | C53: {=IF(A53>$B$6,"",SUMPRODUCT((DATE(VALUE(RIGHT(Transactions!$D$2:$D$1969,4)),VALUE(MID(Transactions!$D$2:$D$1969,4,2)),VALUE(LEFT(Transactions!$D$2:$D$1969,2)))>=A53)*(DATE(VALUE(RIGHT(Transactions!$D$2:$D$1969,4)),VALUE(MID(Transactions!$D$2:$D$1969,4,2)),VALUE(LEFT(Transactions!$D$2:$D$1969,2)))<=MIN(A53+6,$B$6))*Transactions!$H$2:$H$1969))} -> 22257.13 | D53: =IF(C53="","",B53*MIN(7,$B$6-A53+1)/7) -> 24313.215 | E53: =IF(C53="","",C53-D53) -> -2056.0853 | F53: =IF(OR(C53="",D53=0),"",E53/D53) -> -0.084566572 | G53: =IF(C53="","No actuals",IF($B$6>=A53+6,"Complete","Partial through "&TEXT($B$6,"dd mmm"))) -> Complete
A54: 46272 | B54: =_xlfn.FORECAST.ETS(A54,$B$15:$B$48,$A$15:$A$48,1,1,1) -> 24409.942 | C54: {=IF(A54>$B$6,"",SUMPRODUCT((DATE(VALUE(RIGHT(Transactions!$D$2:$D$1969,4)),VALUE(MID(Transactions!$D$2:$D$1969,4,2)),VALUE(LEFT(Transactions!$D$2:$D$1969,2)))>=A54)*(DATE(VALUE(RIGHT(Transactions!$D$2:$D$1969,4)),VALUE(MID(Transactions!$D$2:$D$1969,4,2)),VALUE(LEFT(Transactions!$D$2:$D$1969,2)))<=MIN(A54+6,$B$6))*Transactions!$H$2:$H$1969))} -> 10433.24 | D54: =IF(C54="","",B54*MIN(7,$B$6-A54+1)/7) -> 13948.539 | E54: =IF(C54="","",C54-D54) -> -3515.2985 | F54: =IF(OR(C54="",D54=0),"",E54/D54) -> -0.25201913 | G54: =IF(C54="","No actuals",IF($B$6>=A54+6,"Complete","Partial through "&TEXT($B$6,"dd mmm"))) -> Partial through 10 Sep
A55: 46279 | B55: =_xlfn.FORECAST.ETS(A55,$B$15:$B$48,$A$15:$A$48,1,1,1) -> 24506.67 | C55: {=IF(A55>$B$6,"",SUMPRODUCT((DATE(VALUE(RIGHT(Transactions!$D$2:$D$1969,4)),VALUE(MID(Transactions!$D$2:$D$1969,4,2)),VALUE(LEFT(Transactions!$D$2:$D$1969,2)))>=A55)*(DATE(VALUE(RIGHT(Transactions!$D$2:$D$1969,4)),VALUE(MID(Transactions!$D$2:$D$1969,4,2)),VALUE(LEFT(Transactions!$D$2:$D$1969,2)))<=MIN(A55+6,$B$6))*Transactions!$H$2:$H$1969))} | D55: =IF(C55="","",B55*MIN(7,$B$6-A55+1)/7) | E55: =IF(C55="","",C55-D55) | F55: =IF(OR(C55="",D55=0),"",E55/D55) | G55: =IF(C55="","No actuals",IF($B$6>=A55+6,"Complete","Partial through "&TEXT($B$6,"dd mmm"))) -> No actuals
A56: 46286 | B56: =_xlfn.FORECAST.ETS(A56,$B$15:$B$48,$A$15:$A$48,1,1,1) -> 24603.397 | C56: {=IF(A56>$B$6,"",SUMPRODUCT((DATE(VALUE(RIGHT(Transactions!$D$2:$D$1969,4)),VALUE(MID(Transactions!$D$2:$D$1969,4,2)),VALUE(LEFT(Transactions!$D$2:$D$1969,2)))>=A56)*(DATE(VALUE(RIGHT(Transactions!$D$2:$D$1969,4)),VALUE(MID(Transactions!$D$2:$D$1969,4,2)),VALUE(LEFT(Transactions!$D$2:$D$1969,2)))<=MIN(A56+6,$B$6))*Transactions!$H$2:$H$1969))} | D56: =IF(C56="","",B56*MIN(7,$B$6-A56+1)/7) | E56: =IF(C56="","",C56-D56) | F56: =IF(OR(C56="",D56=0),"",E56/D56) | G56: =IF(C56="","No actuals",IF($B$6>=A56+6,"Complete","Partial through "&TEXT($B$6,"dd mmm"))) -> No actuals
A57: 46293 | B57: =_xlfn.FORECAST.ETS(A57,$B$15:$B$48,$A$15:$A$48,1,1,1) -> 24700.124 | C57: {=IF(A57>$B$6,"",SUMPRODUCT((DATE(VALUE(RIGHT(Transactions!$D$2:$D$1969,4)),VALUE(MID(Transactions!$D$2:$D$1969,4,2)),VALUE(LEFT(Transactions!$D$2:$D$1969,2)))>=A57)*(DATE(VALUE(RIGHT(Transactions!$D$2:$D$1969,4)),VALUE(MID(Transactions!$D$2:$D$1969,4,2)),VALUE(LEFT(Transactions!$D$2:$D$1969,2)))<=MIN(A57+6,$B$6))*Transactions!$H$2:$H$1969))} | D57: =IF(C57="","",B57*MIN(7,$B$6-A57+1)/7) | E57: =IF(C57="","",C57-D57) | F57: =IF(OR(C57="",D57=0),"",E57/D57) | G57: =IF(C57="","No actuals",IF($B$6>=A57+6,"Complete","Partial through "&TEXT($B$6,"dd mmm"))) -> No actuals
A58: 46300 | B58: =_xlfn.FORECAST.ETS(A58,$B$15:$B$48,$A$15:$A$48,1,1,1) -> 24796.851 | C58: {=IF(A58>$B$6,"",SUMPRODUCT((DATE(VALUE(RIGHT(Transactions!$D$2:$D$1969,4)),VALUE(MID(Transactions!$D$2:$D$1969,4,2)),VALUE(LEFT(Transactions!$D$2:$D$1969,2)))>=A58)*(DATE(VALUE(RIGHT(Transactions!$D$2:$D$1969,4)),VALUE(MID(Transactions!$D$2:$D$1969,4,2)),VALUE(LEFT(Transactions!$D$2:$D$1969,2)))<=MIN(A58+6,$B$6))*Transactions!$H$2:$H$1969))} | D58: =IF(C58="","",B58*MIN(7,$B$6-A58+1)/7) | E58: =IF(C58="","",C58-D58) | F58: =IF(OR(C58="",D58=0),"",E58/D58) | G58: =IF(C58="","No actuals",IF($B$6>=A58+6,"Complete","Partial through "&TEXT($B$6,"dd mmm"))) -> No actuals
A59: 46307 | B59: =_xlfn.FORECAST.ETS(A59,$B$15:$B$48,$A$15:$A$48,1,1,1) -> 24893.578 | C59: {=IF(A59>$B$6,"",SUMPRODUCT((DATE(VALUE(RIGHT(Transactions!$D$2:$D$1969,4)),VALUE(MID(Transactions!$D$2:$D$1969,4,2)),VALUE(LEFT(Transactions!$D$2:$D$1969,2)))>=A59)*(DATE(VALUE(RIGHT(Transactions!$D$2:$D$1969,4)),VALUE(MID(Transactions!$D$2:$D$1969,4,2)),VALUE(LEFT(Transactions!$D$2:$D$1969,2)))<=MIN(A59+6,$B$6))*Transactions!$H$2:$H$1969))} | D59: =IF(C59="","",B59*MIN(7,$B$6-A59+1)/7) | E59: =IF(C59="","",C59-D59) | F59: =IF(OR(C59="",D59=0),"",E59/D59) | G59: =IF(C59="","No actuals",IF($B$6>=A59+6,"Complete","Partial through "&TEXT($B$6,"dd mmm"))) -> No actuals
A60: 46314 | B60: =_xlfn.FORECAST.ETS(A60,$B$15:$B$48,$A$15:$A$48,1,1,1) -> 24990.305 | C60: {=IF(A60>$B$6,"",SUMPRODUCT((DATE(VALUE(RIGHT(Transactions!$D$2:$D$1969,4)),VALUE(MID(Transactions!$D$2:$D$1969,4,2)),VALUE(LEFT(Transactions!$D$2:$D$1969,2)))>=A60)*(DATE(VALUE(RIGHT(Transactions!$D$2:$D$1969,4)),VALUE(MID(Transactions!$D$2:$D$1969,4,2)),VALUE(LEFT(Transactions!$D$2:$D$1969,2)))<=MIN(A60+6,$B$6))*Transactions!$H$2:$H$1969))} | D60: =IF(C60="","",B60*MIN(7,$B$6-A60+1)/7) | E60: =IF(C60="","",C60-D60) | F60: =IF(OR(C60="",D60=0),"",E60/D60) | G60: =IF(C60="","No actuals",IF($B$6>=A60+6,"Complete","Partial through "&TEXT($B$6,"dd mmm"))) -> No actuals
A61: 46321 | B61: =_xlfn.FORECAST.ETS(A61,$B$15:$B$48,$A$15:$A$48,1,1,1) -> 25087.032 | C61: {=IF(A61>$B$6,"",SUMPRODUCT((DATE(VALUE(RIGHT(Transactions!$D$2:$D$1969,4)),VALUE(MID(Transactions!$D$2:$D$1969,4,2)),VALUE(LEFT(Transactions!$D$2:$D$1969,2)))>=A61)*(DATE(VALUE(RIGHT(Transactions!$D$2:$D$1969,4)),VALUE(MID(Transactions!$D$2:$D$1969,4,2)),VALUE(LEFT(Transactions!$D$2:$D$1969,2)))<=MIN(A61+6,$B$6))*Transactions!$H$2:$H$1969))} | D61: =IF(C61="","",B61*MIN(7,$B$6-A61+1)/7) | E61: =IF(C61="","",C61-D61) | F61: =IF(OR(C61="",D61=0),"",E61/D61) | G61: =IF(C61="","No actuals",IF($B$6>=A61+6,"Complete","Partial through "&TEXT($B$6,"dd mmm"))) -> No actuals

Sheet Transactions
A1: Cust. No. | B1: Doc. No. | C1: Doc. Type | D1: Date | E1: Origin | F1: Nett Value | G1: VAT | H1: Total Value | I1: Comment
A2: 999999 | B2: 510424 | C2: Inv | D2: 01/01/2026 | E2: Sigma | F2: 150.83 | G2: 21.13 | H2: 171.96
A3: 999999 | B3: 510425 | C3: Inv | D3: 01/01/2026 | E3: Sigma | F3: 186.48 | G3: 23.47 | H3: 209.95
A4: 999999 | B4: 510426 | C4: Inv | D4: 01/01/2026 | E4: Sigma | F4: 263.34 | G4: 17.61 | H4: 280.95
A5: 999999 | B5: 510427 | C5: Inv | D5: 01/01/2026 | E5: Sigma | F5: 116.84 | G5: 8.53 | H5: 125.37
A6: 999999 | B6: 510433 | C6: Inv | D6: 01/01/2026 | E6: Sigma | F6: 228.08 | G6: 17.86 | H6: 245.94
A7: 999999 | B7: 510434 | C7: Inv | D7: 01/01/2026 | E7: Sigma | F7: 188.25 | G7: 26.74 | H7: 214.99
A8: 999999 | B8: 510435 | C8: Inv | D8: 01/01/2026 | E8: Sigma | F8: 656.89 | G8: 72.29 | H8: 729.18
A9: 999999 | B9: 510441 | C9: Inv | D9: 01/01/2026 | E9: Sigma | F9: 731.19 | G9: 109.68 | H9: 840.87
A10: 999999 | B10: 510443 | C10: Inv | D10: 01/01/2026 | E10: Sigma | F10: 239.01 | G10: 31.95 | H10: 270.96
A11: 999999 | B11: 510444 | C11: Inv | D11: 01/01/2026 | E11: Sigma | F11: 584.38 | G11: 70.42 | H11: 654.8
A12: 999999 | B12: 510449 | C12: Inv | D12: 02/01/2026 | E12: Sigma | F12: 249.98 | G12: 24 | H12: 273.98
A13: 999999 | B13: 510453 | C13: Inv | D13: 02/01/2026 | E13: Sigma | F13: 255.11 | G13: 25.82 | H13: 280.93
... A1969: 999999 | B1969: 538077 | C1969: Inv | D1969: 10/09/2026 | E1969: Sigma | F1969: 250.84 | G1969: 34.63 | H1969: 285.47
